Gender,Senior Citizen,Partner,Dependents,Tenure Months,Phone Service,Multiple Lines,Internet Service,Online Security,Online Backup,Device Protection,Tech Support,Streaming TV,Streaming Movies,Contract,Paperless Billing,Payment Method,Monthly Charges,Total Charges
Male,Yes,No,Yes,28,Yes,Yes,No,No internet service,No internet service,No internet service,No internet service,No internet service,No internet service,Two year,Yes,Credit card (automatic),30.59,856.52
Male,Yes,Yes,Yes,29,Yes,Yes,No,No internet service,No internet service,No internet service,No internet service,No internet service,No internet service,Two year,No,Mailed check,29.05,842.45
Female,No,Yes,Yes,54,No,No phone service,Fiber optic,Yes,Yes,No,Yes,Yes,No,One year,No,Electronic check,74.84,4041.36
Female,Yes,No,Yes,70,No,No phone service,No,No internet service,No internet service,No internet service,No internet service,No internet service,No internet service,One year,Yes,Electronic check,28.51,1995.7
Male,Yes,No,Yes,29,Yes,No,Fiber optic,No,No,Yes,No,No,Yes,Two year,Yes,Mailed check,103.51,3001.79
Male,Yes,No,No,34,Yes,No,DSL,Yes,Yes,No,No,No,Yes,Two year,No,Mailed check,45.55,1548.7
Female,No,No,Yes,33,Yes,Yes,No,No internet service,No internet service,No internet service,No internet service,No internet service,No internet service,One year,No,Credit card (automatic),27.54,908.82
Female,Yes,Yes,No,11,Yes,Yes,DSL,Yes,No,Yes,No,No,No,Two year,Yes,Electronic check,61.46,676.06
Female,No,Yes,No,55,Yes,No,DSL,No,Yes,Yes,No,Yes,Yes,Month-to-month,Yes,Bank transfer (automatic),53.7,2953.5
Female,Yes,Yes,No,39,Yes,Yes,DSL,Yes,Yes,No,Yes,Yes,Yes,Two year,Yes,Bank transfer (automatic),67.99,2651.61
Female,Yes,Yes,No,51,No,No phone service,Fiber optic,No,Yes,Yes,Yes,Yes,No,Two year,Yes,Mailed check,71.05,3623.55
Male,Yes,Yes,Yes,8,Yes,No,DSL,Yes,No,No,Yes,Yes,No,One year,No,Mailed check,47.15,377.2
Male,Yes,No,No,54,No,No phone service,Fiber optic,Yes,Yes,Yes,No,No,Yes,Month-to-month,No,Mailed check,82.43,4451.22
Female,Yes,No,No,31,Yes,No,No,No internet service,No internet service,No internet service,No internet service,No internet service,No internet service,Two year,Yes,Electronic check,19.66,609.46
Male,Yes,No,No,61,Yes,No,DSL,Yes,No,Yes,No,No,No,Two year,No,Mailed check,49.26,3004.86
Male,No,Yes,Yes,69,Yes,No,DSL,Yes,No,Yes,Yes,Yes,Yes,Month-to-month,Yes,Credit card (automatic),38.43,2651.67
Male,Yes,Yes,Yes,53,No,No phone service,Fiber optic,Yes,No,Yes,No,No,Yes,One year,No,Bank transfer (automatic),103.58,5489.74
Male,Yes,No,Yes,9,Yes,No,DSL,No,Yes,Yes,No,No,Yes,Two year,No,Electronic check,56.91,512.19
Female,Yes,Yes,No,14,Yes,Yes,Fiber optic,No,Yes,No,Yes,No,No,Month-to-month,Yes,Credit card (automatic),82.56,1155.84
Female,Yes,Yes,No,16,No,No phone service,DSL,No,No,Yes,Yes,Yes,Yes,One year,Yes,Credit card (automatic),62.28,996.48
Male,Yes,No,No,5,No,No phone service,DSL,Yes,Yes,No,No,Yes,Yes,Month-to-month,No,Electronic check,78.23,391.15
Male,No,No,Yes,34,Yes,Yes,Fiber optic,Yes,No,Yes,Yes,No,No,Month-to-month,Yes,Electronic check,85.26,2898.84
Male,No,No,No,8,No,No phone service,Fiber optic,No,No,Yes,Yes,No,Yes,One year,Yes,Electronic check,99.03,792.24
Female,No,No,No,65,Yes,No,No,No internet service,No internet service,No internet service,No internet service,No internet service,No internet service,Month-to-month,No,Electronic check,21.23,1379.95
Male,No,No,Yes,42,No,No phone service,No,No internet service,No internet service,No internet service,No internet service,No internet service,No internet service,Two year,No,Bank transfer (automatic),32.42,1361.64
Female,No,No,No,70,Yes,Yes,Fiber optic,No,Yes,No,No,Yes,No,One year,No,Credit card (automatic),84.35,5904.5
Female,No,Yes,No,21,Yes,No,No,No internet service,No internet service,No internet service,No internet service,No internet service,No internet service,Two year,No,Electronic check,29.29,615.09
Male,No,Yes,Yes,18,Yes,Yes,DSL,No,Yes,No,No,Yes,No,Month-to-month,Yes,Electronic check,59.72,1074.96
Male,No,Yes,Yes,66,No,No phone service,DSL,Yes,Yes,No,Yes,No,No,One year,No,Credit card (automatic),82.5,5445.0
Male,No,No,No,31,No,No phone service,No,No internet service,No internet service,No internet service,No internet service,No internet service,No internet service,Month-to-month,No,Credit card (automatic),26.24,813.44
Male,No,Yes,No,42,No,No phone service,No,No internet service,No internet service,No internet service,No internet service,No internet service,No internet service,Month-to-month,Yes,Credit card (automatic),19.37,813.54
Male,Yes,Yes,No,52,No,No phone service,No,No internet service,No internet service,No internet service,No internet service,No internet service,No internet service,Month-to-month,Yes,Credit card (automatic),25.92,1347.84
Female,Yes,No,No,0,No,No phone service,Fiber optic,No,No,Yes,No,Yes,No,Month-to-month,No,Bank transfer (automatic),91.79,0.0
Female,Yes,No,Yes,68,Yes,No,No,No internet service,No internet service,No internet service,No internet service,No internet service,No internet service,Month-to-month,Yes,Credit card (automatic),27.59,1876.12
Male,No,Yes,Yes,33,No,No phone service,Fiber optic,Yes,No,No,No,No,No,One year,No,Electronic check,107.6,3550.8
Female,Yes,Yes,No,28,Yes,Yes,DSL,Yes,Yes,Yes,Yes,Yes,Yes,Month-to-month,Yes,Credit card (automatic),58.68,1643.04
Female,No,Yes,Yes,20,No,No phone service,DSL,Yes,No,No,No,Yes,Yes,Two year,Yes,Electronic check,64.6,1292.0
Female,Yes,Yes,No,68,No,No phone service,No,No internet service,No internet service,No internet service,No internet service,No internet service,No internet service,Two year,No,Electronic check,24.3,1652.4
Female,No,Yes,No,46,No,No phone service,No,No internet service,No internet service,No internet service,No internet service,No internet service,No internet service,Month-to-month,No,Credit card (automatic),20.6,947.6
Female,No,No,No,31,Yes,No,Fiber optic,Yes,No,No,No,Yes,No,Month-to-month,No,Mailed check,112.55,3489.05
Female,No,No,No,35,Yes,Yes,DSL,Yes,No,No,Yes,No,No,Month-to-month,Yes,Bank transfer (automatic),57.41,2009.35
Male,No,Yes,No,47,No,No phone service,No,No internet service,No internet service,No internet service,No internet service,No internet service,No internet service,One year,No,Bank transfer (automatic),27.03,1270.41
Female,No,No,No,29,Yes,Yes,Fiber optic,Yes,Yes,Yes,Yes,No,No,Two year,No,Electronic check,106.23,3080.67
Male,No,Yes,No,22,No,No phone service,DSL,Yes,No,Yes,Yes,No,Yes,One year,Yes,Electronic check,66.89,1471.58
Female,No,No,No,43,Yes,Yes,Fiber optic,No,Yes,Yes,No,No,Yes,Two year,Yes,Mailed check,98.85,4250.55
Male,No,Yes,Yes,15,No,No phone service,No,No internet service,No internet service,No internet service,No internet service,No internet service,No internet service,Two year,Yes,Credit card (automatic),28.13,421.95
Female,No,No,No,39,Yes,Yes,DSL,Yes,No,Yes,Yes,Yes,Yes,Month-to-month,Yes,Credit card (automatic),62.6,2441.4
Female,No,No,Yes,29,No,No phone service,No,No internet service,No internet service,No internet service,No internet service,No internet service,No internet service,One year,Yes,Mailed check,22.81,661.49
Female,Yes,No,Yes,69,Yes,Yes,Fiber optic,Yes,Yes,Yes,Yes,No,No,One year,No,Credit card (automatic),91.96,6345.24
Female,No,No,Yes,5,No,No phone service,No,No internet service,No internet service,No internet service,No internet service,No internet service,No internet service,One year,Yes,Electronic check,23.48,117.4
Male,Yes,No,Yes,22,No,No phone service,No,No internet service,No internet service,No internet service,No internet service,No internet service,No internet service,One year,Yes,Credit card (automatic),29.08,639.76
Female,Yes,No,No,52,No,No phone service,Fiber optic,Yes,Yes,No,No,No,No,One year,Yes,Credit card (automatic),103.13,5362.76
Male,No,No,No,14,No,No phone service,No,No internet service,No internet service,No internet service,No internet service,No internet service,No internet service,Month-to-month,No,Credit card (automatic),32.02,448.28
Male,Yes,No,No,56,Yes,Yes,Fiber optic,Yes,No,No,No,Yes,Yes,Two year,Yes,Mailed check,118.66,6644.96
Female,Yes,No,Yes,28,Yes,No,DSL,Yes,No,No,No,No,No,Month-to-month,No,Mailed check,84.01,2352.28
Female,Yes,Yes,Yes,35,No,No phone service,Fiber optic,No,Yes,No,No,No,Yes,One year,No,Bank transfer (automatic),92.33,3231.55
Female,No,No,Yes,30,No,No phone service,DSL,No,Yes,No,No,No,No,Two year,Yes,Credit card (automatic),84.42,2532.6
Male,Yes,No,Yes,56,Yes,No,DSL,Yes,No,Yes,Yes,No,No,Two year,No,Electronic check,51.93,2908.08
Female,No,No,No,69,Yes,Yes,DSL,No,Yes,Yes,No,Yes,Yes,Two year,No,Electronic check,57.18,3945.42
Male,No,Yes,No,45,No,No phone service,Fiber optic,Yes,Yes,No,Yes,Yes,Yes,One year,Yes,Credit card (automatic),73.95,3327.75
Male,Yes,No,No,58,No,No phone service,No,No internet service,No internet service,No internet service,No internet service,No internet service,No internet service,One year,No,Mailed check,18.16,1053.28
Male,No,No,No,54,No,No phone service,Fiber optic,No,Yes,No,No,Yes,Yes,One year,No,Bank transfer (automatic),89.07,4809.78
Male,No,No,Yes,72,Yes,No,Fiber optic,Yes,No,Yes,Yes,No,Yes,Two year,Yes,Bank transfer (automatic),101.41,7301.52
Female,Yes,No,Yes,11,No,No phone service,Fiber optic,No,Yes,Yes,Yes,No,No,One year,No,Bank transfer (automatic),111.52,1226.72
Female,Yes,No,Yes,18,Yes,No,No,No internet service,No internet service,No internet service,No internet service,No internet service,No internet service,One year,Yes,Bank transfer (automatic),24.22,435.96
Male,No,No,No,48,No,No phone service,DSL,Yes,No,Yes,No,Yes,Yes,One year,No,Credit card (automatic),66.77,3204.96
Male,Yes,Yes,Yes,38,No,No phone service,DSL,Yes,Yes,Yes,No,No,No,Two year,No,Mailed check,68.52,2603.76
Female,Yes,No,No,35,Yes,No,DSL,No,No,Yes,No,Yes,No,Two year,No,Electronic check,62.22,2177.7
Female,No,Yes,Yes,58,Yes,Yes,No,No internet service,No internet service,No internet service,No internet service,No internet service,No internet service,Month-to-month,Yes,Bank transfer (automatic),28.87,1674.46
Male,Yes,Yes,Yes,70,Yes,Yes,DSL,No,Yes,Yes,No,Yes,Yes,Month-to-month,Yes,Electronic check,62.01,4340.7
Male,Yes,No,Yes,41,Yes,Yes,Fiber optic,Yes,Yes,No,Yes,Yes,No,One year,Yes,Credit card (automatic),92.41,3788.81
Male,Yes,No,No,3,Yes,No,Fiber optic,No,Yes,No,No,Yes,Yes,Month-to-month,Yes,Mailed check,86.11,258.33
Female,No,No,No,58,No,No phone service,DSL,Yes,Yes,No,No,Yes,No,One year,No,Credit card (automatic),51.95,3013.1
Male,No,No,No,32,No,No phone service,DSL,No,Yes,Yes,Yes,Yes,No,Two year,No,Mailed check,39.83,1274.56
Male,No,Yes,No,45,No,No phone service,No,No internet service,No internet service,No internet service,No internet service,No internet service,No internet service,One year,No,Bank transfer (automatic),18.87,849.15
Male,Yes,Yes,No,28,Yes,No,No,No internet service,No internet service,No internet service,No internet service,No internet service,No internet service,One year,Yes,Credit card (automatic),24.25,679.0
Male,No,Yes,Yes,34,No,No phone service,Fiber optic,No,Yes,Yes,Yes,No,Yes,Two year,Yes,Electronic check,77.09,2621.06
Male,No,No,No,43,Yes,No,Fiber optic,No,Yes,Yes,Yes,Yes,Yes,One year,No,Credit card (automatic),103.7,4459.1
Female,No,No,No,27,Yes,No,Fiber optic,Yes,No,No,No,Yes,Yes,Two year,Yes,Electronic check,89.76,2423.52
Male,No,Yes,Yes,32,No,No phone service,Fiber optic,Yes,Yes,No,No,Yes,Yes,Two year,Yes,Bank transfer (automatic),89.01,2848.32
Male,No,Yes,No,2,No,No phone service,DSL,No,No,No,No,No,Yes,One year,Yes,Credit card (automatic),55.25,110.5
Female,Yes,No,Yes,31,No,No phone service,No,No internet service,No internet service,No internet service,No internet service,No internet service,No internet service,Month-to-month,No,Bank transfer (automatic),24.81,769.11
Female,Yes,No,Yes,9,Yes,Yes,Fiber optic,No,Yes,Yes,Yes,Yes,No,Two year,Yes,Electronic check,79.86,718.74
Male,No,No,No,72,No,No phone service,No,No internet service,No internet service,No internet service,No internet service,No internet service,No internet service,One year,Yes,Credit card (automatic),23.37,1682.64
Female,No,No,Yes,45,Yes,No,Fiber optic,No,Yes,Yes,No,No,Yes,Month-to-month,No,Credit card (automatic),102.23,4600.35
Male,No,Yes,No,60,Yes,Yes,Fiber optic,Yes,No,Yes,Yes,Yes,Yes,One year,Yes,Bank transfer (automatic),105.38,6322.8
Female,No,No,No,43,Yes,No,DSL,No,Yes,No,No,No,Yes,Two year,Yes,Bank transfer (automatic),51.67,2221.81
Female,No,Yes,Yes,39,No,No phone service,No,No internet service,No internet service,No internet service,No internet service,No internet service,No internet service,Month-to-month,Yes,Credit card (automatic),31.46,1226.94
Female,Yes,No,No,23,Yes,No,Fiber optic,Yes,Yes,Yes,Yes,Yes,No,Month-to-month,Yes,Bank transfer (automatic),112.22,2581.06
Male,No,Yes,Yes,23,Yes,No,DSL,No,No,Yes,No,No,No,Month-to-month,No,Credit card (automatic),46.7,1074.1
Male,No,No,No,36,No,No phone service,No,No internet service,No internet service,No internet service,No internet service,No internet service,No internet service,Month-to-month,Yes,Mailed check,26.97,970.92
Female,Yes,No,No,70,Yes,Yes,Fiber optic,Yes,Yes,No,No,Yes,No,Month-to-month,No,Bank transfer (automatic),74.59,5221.3
Male,No,Yes,No,64,No,No phone service,DSL,No,Yes,No,Yes,Yes,No,Two year,No,Mailed check,81.54,5218.56
Male,Yes,No,No,17,No,No phone service,Fiber optic,Yes,Yes,Yes,No,Yes,Yes,Two year,No,Electronic check,97.44,1656.48
Female,Yes,No,Yes,6,Yes,No,No,No internet service,No internet service,No internet service,No internet service,No internet service,No internet service,One year,Yes,Electronic check,31.5,189.0
Female,Yes,Yes,Yes,37,No,No phone service,DSL,No,Yes,No,Yes,Yes,No,Two year,Yes,Credit card (automatic),38.38,1420.06
Female,Yes,No,No,32,Yes,No,DSL,No,Yes,Yes,No,Yes,Yes,One year,Yes,Credit card (automatic),52.61,1683.52
Female,Yes,Yes,Yes,58,Yes,No,DSL,Yes,Yes,Yes,No,No,No,Two year,No,Bank transfer (automatic),84.46,4898.68
Male,Yes,No,No,6,No,No phone service,Fiber optic,Yes,No,No,No,No,No,Month-to-month,No,Credit card (automatic),86.95,521.7
Female,No,Yes,No,10,No,No phone service,No,No internet service,No internet service,No internet service,No internet service,No internet service,No internet service,Month-to-month,No,Bank transfer (automatic),34.92,349.2
Male,Yes,No,No,39,No,No phone service,No,No internet service,No internet service,No internet service,No internet service,No internet service,No internet service,Month-to-month,No,Bank transfer (automatic),30.2,1177.8
Female,Yes,No,No,35,Yes,Yes,No,No internet service,No internet service,No internet service,No internet service,No internet service,No internet service,One year,Yes,Electronic check,28.84,1009.4
Male,No,Yes,Yes,8,Yes,No,Fiber optic,No,Yes,Yes,No,No,No,Month-to-month,Yes,Bank transfer (automatic),92.2,737.6
Female,No,No,Yes,14,Yes,Yes,Fiber optic,No,Yes,No,No,No,Yes,One year,No,Mailed check,119.82,1677.48
Male,Yes,Yes,No,22,No,No phone service,DSL,No,No,Yes,No,No,Yes,Two year,Yes,Bank transfer (automatic),70.59,1552.98
Male,Yes,Yes,Yes,30,No,No phone service,DSL,No,No,No,Yes,Yes,Yes,Two year,No,Credit card (automatic),50.46,1513.8
Female,Yes,Yes,No,9,No,No phone service,Fiber optic,No,Yes,Yes,Yes,No,Yes,Two year,Yes,Bank transfer (automatic),111.57,1004.13
Male,Yes,No,Yes,44,No,No phone service,DSL,No,Yes,No,Yes,No,Yes,Month-to-month,Yes,Mailed check,60.13,2645.72
Female,Yes,Yes,Yes,5,No,No phone service,No,No internet service,No internet service,No internet service,No internet service,No internet service,No internet service,Two year,No,Electronic check,21.58,107.9
Female,No,No,No,31,No,No phone service,Fiber optic,No,Yes,Yes,Yes,No,No,Month-to-month,No,Mailed check,94.21,2920.51
Female,No,No,No,16,No,No phone service,No,No internet service,No internet service,No internet service,No internet service,No internet service,No internet service,One year,Yes,Credit card (automatic),27.55,440.8
Male,No,No,Yes,18,Yes,Yes,Fiber optic,No,No,Yes,Yes,No,No,Month-to-month,No,Credit card (automatic),79.49,1430.82
Female,No,No,Yes,11,No,No phone service,No,No internet service,No internet service,No internet service,No internet service,No internet service,No internet service,Month-to-month,Yes,Bank transfer (automatic),25.77,283.47
Male,Yes,No,No,60,No,No phone service,No,No internet service,No internet service,No internet service,No internet service,No internet service,No internet service,Month-to-month,No,Mailed check,18.14,1088.4
Female,No,No,No,5,No,No phone service,DSL,Yes,No,No,Yes,No,No,One year,Yes,Mailed check,73.22,366.1
Male,No,No,No,71,No,No phone service,DSL,Yes,No,Yes,Yes,Yes,Yes,One year,No,Mailed check,70.68,5018.28
Male,No,No,Yes,50,No,No phone service,No,No internet service,No internet service,No internet service,No internet service,No internet service,No internet service,Two year,No,Bank transfer (automatic),23.72,1186.0
Female,Yes,No,No,14,No,No phone service,No,No internet service,No internet service,No internet service,No internet service,No internet service,No internet service,Two year,Yes,Credit card (automatic),23.23,325.22
Female,Yes,Yes,No,21,No,No phone service,DSL,Yes,Yes,Yes,Yes,Yes,No,Month-to-month,No,Mailed check,50.68,1064.28
Female,No,Yes,Yes,66,Yes,No,No,No internet service,No internet service,No internet service,No internet service,No internet service,No internet service,One year,No,Mailed check,26.13,1724.58
Female,No,No,No,61,Yes,Yes,Fiber optic,No,Yes,No,No,Yes,No,One year,No,Bank transfer (automatic),85.85,5236.85
Male,No,No,No,18,No,No phone service,DSL,No,Yes,No,No,No,No,Two year,No,Bank transfer (automatic),45.7,822.6
Male,Yes,Yes,Yes,6,Yes,Yes,DSL,Yes,No,No,No,Yes,Yes,Two year,Yes,Credit card (automatic),35.26,211.56
Female,No,Yes,No,41,No,No phone service,No,No internet service,No internet service,No internet service,No internet service,No internet service,No internet service,Month-to-month,Yes,Electronic check,19.01,779.41
Male,No,Yes,Yes,50,No,No phone service,DSL,No,Yes,Yes,No,Yes,No,Two year,No,Mailed check,49.23,2461.5
Female,No,Yes,Yes,42,Yes,No,No,No internet service,No internet service,No internet service,No internet service,No internet service,No internet service,Month-to-month,Yes,Bank transfer (automatic),22.37,939.54
Female,Yes,Yes,No,54,No,No phone service,DSL,No,Yes,Yes,Yes,No,No,Month-to-month,No,Credit card (automatic),81.79,4416.66
Male,No,No,No,38,Yes,No,No,No internet service,No internet service,No internet service,No internet service,No internet service,No internet service,Month-to-month,Yes,Electronic check,24.11,916.18
Female,No,Yes,No,64,No,No phone service,No,No internet service,No internet service,No internet service,No internet service,No internet service,No internet service,One year,No,Mailed check,20.0,1280.0
Male,Yes,No,Yes,58,No,No phone service,Fiber optic,No,Yes,Yes,Yes,No,No,Two year,Yes,Electronic check,73.91,4286.78
Male,Yes,Yes,No,66,No,No phone service,DSL,Yes,No,Yes,No,Yes,No,One year,No,Electronic check,41.6,2745.6
Female,No,Yes,No,32,Yes,Yes,No,No internet service,No internet service,No internet service,No internet service,No internet service,No internet service,One year,No,Electronic check,19.24,615.68
Male,Yes,No,Yes,36,No,No phone service,DSL,Yes,No,No,No,No,No,Two year,Yes,Bank transfer (automatic),53.78,1936.08
Male,Yes,No,Yes,28,Yes,Yes,Fiber optic,No,No,No,Yes,Yes,No,One year,Yes,Electronic check,87.31,2444.68
Male,No,Yes,Yes,26,Yes,Yes,No,No internet service,No internet service,No internet service,No internet service,No internet service,No internet service,Two year,Yes,Mailed check,18.57,482.82
Male,No,No,Yes,69,Yes,Yes,DSL,No,Yes,No,No,Yes,No,Two year,Yes,Credit card (automatic),78.81,5437.89
Female,No,Yes,Yes,54,No,No phone service,DSL,No,No,No,No,No,Yes,Month-to-month,No,Mailed check,49.99,2699.46
Male,No,Yes,No,7,No,No phone service,Fiber optic,Yes,No,Yes,No,Yes,No,One year,No,Electronic check,102.34,716.38
Male,Yes,No,No,5,Yes,Yes,No,No internet service,No internet service,No internet service,No internet service,No internet service,No internet service,Two year,Yes,Credit card (automatic),30.31,151.55
Male,No,No,Yes,27,Yes,Yes,No,No internet service,No internet service,No internet service,No internet service,No internet service,No internet service,One year,Yes,Mailed check,34.99,944.73
Female,Yes,No,No,48,No,No phone service,No,No internet service,No internet service,No internet service,No internet service,No internet service,No internet service,One year,No,Bank transfer (automatic),29.03,1393.44
Female,No,Yes,No,40,Yes,No,Fiber optic,No,Yes,Yes,Yes,Yes,No,Two year,No,Bank transfer (automatic),97.67,3906.8
Male,Yes,No,Yes,48,Yes,No,No,No internet service,No internet service,No internet service,No internet service,No internet service,No internet service,Two year,No,Bank transfer (automatic),29.13,1398.24
Female,No,No,Yes,45,Yes,Yes,No,No internet service,No internet service,No internet service,No internet service,No internet service,No internet service,Month-to-month,Yes,Electronic check,27.29,1228.05
Male,Yes,Yes,No,17,Yes,Yes,No,No internet service,No internet service,No internet service,No internet service,No internet service,No internet service,Month-to-month,No,Bank transfer (automatic),20.57,349.69
Male,No,No,Yes,0,No,No phone service,DSL,Yes,No,No,Yes,No,Yes,Month-to-month,Yes,Mailed check,40.35,0.0
Male,No,No,No,50,Yes,No,Fiber optic,No,Yes,Yes,No,Yes,Yes,One year,No,Credit card (automatic),74.68,3734.0
Male,Yes,Yes,Yes,63,No,No phone service,No,No internet service,No internet service,No internet service,No internet service,No internet service,No internet service,Two year,Yes,Electronic check,31.33,1973.79
Male,Yes,No,No,5,Yes,No,No,No internet service,No internet service,No internet service,No internet service,No internet service,No internet service,Month-to-month,Yes,Bank transfer (automatic),27.58,137.9
Male,Yes,Yes,No,9,No,No phone service,DSL,Yes,No,No,No,Yes,Yes,One year,Yes,Electronic check,60.04,540.36
Female,Yes,Yes,No,50,No,No phone service,DSL,No,No,No,Yes,No,No,Two year,No,Electronic check,56.59,2829.5
Female,Yes,Yes,Yes,34,Yes,No,No,No internet service,No internet service,No internet service,No internet service,No internet service,No internet service,Month-to-month,No,Bank transfer (automatic),31.33,1065.22
Female,Yes,Yes,Yes,39,No,No phone service,Fiber optic,No,Yes,Yes,Yes,Yes,No,Two year,No,Electronic check,92.44,3605.16
Male,Yes,No,Yes,41,No,No phone service,DSL,No,No,No,Yes,Yes,Yes,Month-to-month,Yes,Bank transfer (automatic),69.27,2840.07
Female,No,No,Yes,8,Yes,No,Fiber optic,No,No,No,Yes,No,No,Two year,No,Mailed check,117.21,937.68
Female,Yes,Yes,No,0,No,No phone service,Fiber optic,No,No,No,No,No,Yes,Two year,Yes,Credit card (automatic),85.02,0.0
Female,Yes,No,No,37,No,No phone service,No,No internet service,No internet service,No internet service,No internet service,No internet service,No internet service,One year,No,Bank transfer (automatic),31.29,1157.73
Female,No,Yes,Yes,69,Yes,Yes,No,No internet service,No internet service,No internet service,No internet service,No internet service,No internet service,Two year,Yes,Credit card (automatic),25.85,1783.65
Female,Yes,No,No,17,No,No phone service,DSL,No,Yes,No,No,Yes,No,One year,No,Credit card (automatic),84.54,1437.18
Male,No,Yes,Yes,31,No,No phone service,DSL,Yes,No,No,No,Yes,Yes,Month-to-month,Yes,Credit card (automatic),39.93,1237.83
Female,No,No,Yes,44,Yes,No,DSL,No,No,Yes,Yes,Yes,No,One year,Yes,Credit card (automatic),50.59,2225.96
Female,No,Yes,No,57,No,No phone service,DSL,No,Yes,Yes,Yes,No,Yes,Month-to-month,Yes,Mailed check,68.86,3925.02
Male,No,No,No,29,No,No phone service,No,No internet service,No internet service,No internet service,No internet service,No internet service,No internet service,Two year,No,Credit card (automatic),21.14,613.06
Male,Yes,No,No,49,Yes,Yes,DSL,No,Yes,Yes,Yes,No,No,Month-to-month,No,Credit card (automatic),44.85,2197.65
Female,No,No,Yes,44,No,No phone service,Fiber optic,Yes,No,Yes,Yes,No,Yes,Month-to-month,Yes,Bank transfer (automatic),81.93,3604.92
Male,No,No,Yes,49,No,No phone service,DSL,No,Yes,Yes,No,No,Yes,One year,Yes,Bank transfer (automatic),44.35,2173.15
Male,No,Yes,Yes,49,No,No phone service,Fiber optic,No,No,No,No,Yes,Yes,Month-to-month,No,Electronic check,98.27,4815.23
Female,Yes,No,Yes,58,No,No phone service,No,No internet service,No internet service,No internet service,No internet service,No internet service,No internet service,Two year,Yes,Bank transfer (automatic),26.68,1547.44
Female,Yes,No,Yes,54,Yes,Yes,Fiber optic,Yes,No,No,No,Yes,No,Month-to-month,Yes,Mailed check,113.26,6116.04
Female,No,Yes,Yes,26,Yes,Yes,No,No internet service,No internet service,No internet service,No internet service,No internet service,No internet service,One year,Yes,Bank transfer (automatic),23.96,622.96
Female,No,No,Yes,17,No,No phone service,DSL,No,Yes,Yes,Yes,Yes,No,Two year,No,Credit card (automatic),76.42,1299.14
Male,No,No,No,57,Yes,Yes,Fiber optic,No,No,No,No,No,Yes,Two year,Yes,Credit card (automatic),113.45,6466.65
Female,Yes,No,Yes,54,Yes,No,Fiber optic,No,No,No,Yes,No,No,Month-to-month,Yes,Electronic check,114.71,6194.34
Female,Yes,Yes,Yes,56,No,No phone service,DSL,No,Yes,Yes,No,Yes,No,One year,No,Electronic check,39.67,2221.52
Female,Yes,Yes,No,39,Yes,No,No,No internet service,No internet service,No internet service,No internet service,No internet service,No internet service,Month-to-month,Yes,Mailed check,19.55,762.45
Female,Yes,Yes,Yes,66,No,No phone service,DSL,Yes,No,Yes,No,Yes,No,One year,Yes,Electronic check,38.54,2543.64
Male,No,No,No,17,No,No phone service,DSL,Yes,Yes,Yes,Yes,No,No,Two year,Yes,Credit card (automatic),71.12,1209.04
Female,Yes,Yes,Yes,17,Yes,No,Fiber optic,No,No,Yes,Yes,No,Yes,Two year,No,Electronic check,82.41,1400.97
Female,Yes,Yes,No,37,Yes,Yes,Fiber optic,No,Yes,Yes,No,Yes,Yes,One year,Yes,Credit card (automatic),119.34,4415.58
Female,No,Yes,No,9,Yes,Yes,DSL,No,Yes,Yes,Yes,No,No,Two year,No,Credit card (automatic),66.43,597.87
Female,Yes,Yes,No,10,No,No phone service,DSL,Yes,Yes,No,No,Yes,No,Two year,Yes,Electronic check,69.93,699.3
Male,Yes,No,Yes,58,Yes,No,No,No internet service,No internet service,No internet service,No internet service,No internet service,No internet service,Two year,Yes,Electronic check,30.61,1775.38
Male,Yes,Yes,Yes,63,No,No phone service,No,No internet service,No internet service,No internet service,No internet service,No internet service,No internet service,Two year,No,Mailed check,26.79,1687.77
Female,Yes,No,Yes,3,No,No phone service,Fiber optic,No,Yes,No,Yes,No,No,Month-to-month,No,Mailed check,95.54,286.62
Female,Yes,No,Yes,14,Yes,Yes,DSL,Yes,Yes,Yes,No,No,No,Month-to-month,Yes,Credit card (automatic),81.01,1134.14
Male,No,Yes,No,40,No,No phone service,DSL,No,Yes,Yes,Yes,Yes,Yes,Month-to-month,No,Bank transfer (automatic),82.7,3308.0
Female,No,Yes,No,1,No,No phone service,DSL,No,No,Yes,No,No,No,Month-to-month,Yes,Mailed check,84.89,84.89
Male,No,Yes,Yes,69,No,No phone service,No,No internet service,No internet service,No internet service,No internet service,No internet service,No internet service,Month-to-month,No,Electronic check,32.27,2226.63
Female,No,Yes,Yes,67,Yes,No,Fiber optic,Yes,Yes,No,Yes,Yes,Yes,Two year,No,Bank transfer (automatic),114.86,7695.62
Female,Yes,Yes,Yes,50,Yes,Yes,Fiber optic,Yes,Yes,No,No,No,No,Two year,No,Bank transfer (automatic),105.04,5252.0
Female,No,Yes,Yes,25,Yes,Yes,DSL,Yes,Yes,No,No,No,No,One year,Yes,Credit card (automatic),41.04,1026.0
Female,No,No,Yes,11,Yes,No,No,No internet service,No internet service,No internet service,No internet service,No internet service,No internet service,Month-to-month,Yes,Bank transfer (automatic),29.85,328.35
Male,Yes,Yes,No,50,Yes,No,Fiber optic,Yes,Yes,No,No,Yes,Yes,Month-to-month,Yes,Electronic check,93.1,4655.0
Male,Yes,Yes,Yes,51,No,No phone service,No,No internet service,No internet service,No internet service,No internet service,No internet service,No internet service,Two year,Yes,Bank transfer (automatic),28.72,1464.72
Male,Yes,Yes,Yes,56,Yes,Yes,Fiber optic,Yes,Yes,No,Yes,Yes,No,One year,No,Electronic check,111.08,6220.48
Female,No,Yes,No,27,Yes,No,Fiber optic,No,Yes,Yes,Yes,No,No,Two year,No,Electronic check,90.6,2446.2
Male,No,No,Yes,53,Yes,Yes,No,No internet service,No internet service,No internet service,No internet service,No internet service,No internet service,Two year,Yes,Credit card (automatic),34.9,1849.7
Female,No,No,No,72,No,No phone service,Fiber optic,No,Yes,Yes,No,Yes,Yes,One year,Yes,Credit card (automatic),114.79,8264.88
Female,Yes,Yes,Yes,31,Yes,No,No,No internet service,No internet service,No internet service,No internet service,No internet service,No internet service,Two year,Yes,Mailed check,31.88,988.28
Female,No,Yes,Yes,30,No,No phone service,No,No internet service,No internet service,No internet service,No internet service,No internet service,No internet service,Two year,Yes,Bank transfer (automatic),29.86,895.8
Male,Yes,No,No,22,No,No phone service,DSL,Yes,Yes,Yes,Yes,Yes,No,Two year,Yes,Mailed check,35.03,770.66
Female,Yes,No,Yes,2,Yes,Yes,DSL,No,Yes,No,No,Yes,No,Month-to-month,Yes,Credit card (automatic),50.09,100.18
Female,No,Yes,No,28,Yes,No,Fiber optic,No,Yes,Yes,Yes,No,Yes,One year,Yes,Electronic check,79.1,2214.8
Female,Yes,No,Yes,30,No,No phone service,Fiber optic,Yes,Yes,No,No,Yes,No,Two year,Yes,Bank transfer (automatic),80.48,2414.4
Female,Yes,Yes,Yes,49,No,No phone service,No,No internet service,No internet service,No internet service,No internet service,No internet service,No internet service,Month-to-month,No,Credit card (automatic),25.13,1231.37
Female,No,No,Yes,61,Yes,Yes,Fiber optic,Yes,Yes,No,Yes,No,No,Month-to-month,No,Mailed check,117.58,7172.38
Female,Yes,Yes,Yes,43,No,No phone service,No,No internet service,No internet service,No internet service,No internet service,No internet service,No internet service,Two year,Yes,Credit card (automatic),18.53,796.79
Male,Yes,Yes,No,26,Yes,No,No,No internet service,No internet service,No internet service,No internet service,No internet service,No internet service,Two year,No,Bank transfer (automatic),27.42,712.92
Female,Yes,Yes,Yes,50,No,No phone service,DSL,Yes,No,Yes,No,Yes,No,Two year,No,Mailed check,76.19,3809.5
Male,Yes,Yes,Yes,37,Yes,No,DSL,No,No,No,No,No,Yes,One year,Yes,Bank transfer (automatic),67.09,2482.33
Female,No,Yes,No,5,No,No phone service,Fiber optic,No,No,Yes,No,Yes,Yes,Two year,Yes,Electronic check,107.61,538.05
Female,No,Yes,Yes,49,No,No phone service,No,No internet service,No internet service,No internet service,No internet service,No internet service,No internet service,One year,Yes,Credit card (automatic),29.68,1454.32
Female,Yes,No,Yes,64,Yes,Yes,Fiber optic,Yes,Yes,Yes,Yes,Yes,Yes,Two year,No,Mailed check,91.17,5834.88
Male,No,No,Yes,11,No,No phone service,No,No internet service,No internet service,No internet service,No internet service,No internet service,No internet service,One year,No,Credit card (automatic),24.76,272.36
Male,No,Yes,No,19,Yes,Yes,DSL,Yes,No,No,No,No,No,Two year,No,Electronic check,67.74,1287.06
Male,No,No,Yes,51,Yes,No,Fiber optic,Yes,Yes,No,No,No,Yes,One year,No,Bank transfer (automatic),86.89,4431.39
Female,Yes,Yes,Yes,38,No,No phone service,Fiber optic,No,No,Yes,Yes,No,Yes,One year,No,Bank transfer (automatic),115.67,4395.46
Male,Yes,Yes,No,64,No,No phone service,DSL,Yes,Yes,Yes,Yes,Yes,Yes,Month-to-month,No,Mailed check,36.65,2345.6
Female,No,No,No,15,Yes,Yes,Fiber optic,No,No,Yes,No,No,No,One year,Yes,Bank transfer (automatic),78.18,1172.7
Male,No,Yes,Yes,27,Yes,Yes,No,No internet service,No internet service,No internet service,No internet service,No internet service,No internet service,Two year,No,Electronic check,21.51,580.77
Male,No,Yes,Yes,1,Yes,No,No,No internet service,No internet service,No internet service,No internet service,No internet service,No internet service,One year,No,Credit card (automatic),31.69,31.69
Female,No,No,No,27,No,No phone service,Fiber optic,No,Yes,Yes,No,No,No,One year,Yes,Bank transfer (automatic),104.22,2813.94
Female,No,No,No,38,Yes,Yes,No,No internet service,No internet service,No internet service,No internet service,No internet service,No internet service,Month-to-month,No,Bank transfer (automatic),31.01,1178.38
Male,Yes,No,No,33,No,No phone service,Fiber optic,No,Yes,Yes,No,Yes,No,Two year,No,Bank transfer (automatic),115.33,3805.89
Male,Yes,No,Yes,60,Yes,No,No,No internet service,No internet service,No internet service,No internet service,No internet service,No internet service,Month-to-month,No,Electronic check,31.74,1904.4
Male,No,Yes,No,53,No,No phone service,Fiber optic,No,No,No,Yes,No,Yes,Two year,Yes,Credit card (automatic),113.32,6005.96
Male,Yes,No,No,52,Yes,Yes,DSL,Yes,No,No,No,Yes,No,Month-to-month,Yes,Credit card (automatic),78.12,4062.24
Female,Yes,No,Yes,0,No,No phone service,Fiber optic,Yes,Yes,Yes,No,Yes,Yes,Two year,No,Credit card (automatic),100.72,0.0
Female,No,No,Yes,4,Yes,No,DSL,No,Yes,Yes,Yes,Yes,Yes,One year,No,Mailed check,69.68,278.72
Male,No,No,Yes,8,Yes,No,Fiber optic,No,No,No,Yes,No,No,Month-to-month,Yes,Credit card (automatic),87.96,703.68
Male,Yes,Yes,Yes,27,Yes,Yes,DSL,No,Yes,No,No,Yes,Yes,Two year,Yes,Electronic check,68.1,1838.7
Male,No,No,No,15,No,No phone service,Fiber optic,Yes,Yes,Yes,No,No,Yes,One year,Yes,Credit card (automatic),103.12,1546.8
Male,Yes,No,Yes,13,No,No phone service,DSL,Yes,No,Yes,No,No,No,Two year,No,Mailed check,43.02,559.26
Female,No,Yes,Yes,1,Yes,Yes,No,No internet service,No internet service,No internet service,No internet service,No internet service,No internet service,Month-to-month,Yes,Electronic check,29.37,29.37
Male,No,Yes,No,37,No,No phone service,Fiber optic,Yes,Yes,Yes,Yes,No,No,One year,No,Electronic check,110.08,4072.96
Male,Yes,Yes,Yes,21,No,No phone service,Fiber optic,No,No,Yes,No,No,Yes,One year,No,Bank transfer (automatic),75.69,1589.49
Female,No,No,Yes,14,Yes,Yes,DSL,Yes,No,No,No,Yes,No,Two year,Yes,Mailed check,73.96,1035.44
Female,No,Yes,No,56,Yes,Yes,Fiber optic,No,Yes,Yes,No,Yes,No,Month-to-month,No,Bank transfer (automatic),103.09,5773.04
Female,Yes,Yes,Yes,20,No,No phone service,Fiber optic,Yes,Yes,No,No,Yes,No,Month-to-month,Yes,Credit card (automatic),118.51,2370.2
Female,Yes,Yes,No,56,No,No phone service,DSL,No,No,No,Yes,No,Yes,One year,Yes,Electronic check,40.13,2247.28
Male,No,Yes,No,43,No,No phone service,DSL,Yes,No,No,No,No,No,Two year,Yes,Electronic check,40.7,1750.1
Female,No,No,No,13,Yes,Yes,Fiber optic,Yes,No,Yes,No,Yes,Yes,One year,Yes,Credit card (automatic),76.04,988.52
Male,No,Yes,No,5,Yes,No,Fiber optic,Yes,No,Yes,Yes,No,No,Month-to-month,Yes,Mailed check,116.22,581.1
Male,No,No,No,53,Yes,No,Fiber optic,No,No,No,Yes,Yes,No,Two year,No,Bank transfer (automatic),100.13,5306.89
Male,Yes,Yes,No,44,Yes,Yes,No,No internet service,No internet service,No internet service,No internet service,No internet service,No internet service,Two year,No,Electronic check,27.22,1197.68
Female,No,No,No,54,Yes,Yes,DSL,No,Yes,Yes,Yes,Yes,No,Month-to-month,No,Bank transfer (automatic),72.51,3915.54
Male,Yes,No,Yes,69,Yes,No,Fiber optic,Yes,Yes,No,Yes,No,Yes,One year,No,Bank transfer (automatic),116.32,8026.08
Male,Yes,No,Yes,56,Yes,No,No,No internet service,No internet service,No internet service,No internet service,No internet service,No internet service,Two year,Yes,Mailed check,27.29,1528.24
Female,No,Yes,Yes,23,Yes,Yes,Fiber optic,Yes,No,No,No,Yes,Yes,One year,Yes,Bank transfer (automatic),99.2,2281.6
Female,Yes,Yes,Yes,41,Yes,No,Fiber optic,No,Yes,No,Yes,Yes,Yes,Month-to-month,No,Credit card (automatic),109.31,4481.71
Male,No,Yes,Yes,42,No,No phone service,Fiber optic,No,Yes,No,Yes,Yes,No,Two year,Yes,Electronic check,92.28,3875.76
Female,No,Yes,No,32,No,No phone service,DSL,No,No,No,Yes,No,Yes,Month-to-month,Yes,Mailed check,51.02,1632.64
Male,Yes,Yes,Yes,54,Yes,Yes,No,No internet service,No internet service,No internet service,No internet service,No internet service,No internet service,Two year,No,Electronic check,32.09,1732.86
Male,Yes,No,No,4,Yes,Yes,DSL,Yes,No,Yes,Yes,No,No,Two year,No,Credit card (automatic),54.4,217.6
Female,Yes,No,Yes,68,Yes,Yes,No,No internet service,No internet service,No internet service,No internet service,No internet service,No internet service,Two year,Yes,Bank transfer (automatic),27.96,1901.28
Male,No,No,Yes,36,No,No phone service,Fiber optic,No,Yes,No,Yes,Yes,Yes,Two year,No,Mailed check,107.34,3864.24
Female,No,Yes,Yes,15,Yes,Yes,No,No internet service,No internet service,No internet service,No internet service,No internet service,No internet service,Two year,Yes,Bank transfer (automatic),28.14,422.1
Male,No,Yes,No,65,Yes,Yes,DSL,Yes,No,Yes,Yes,Yes,Yes,Two year,No,Electronic check,77.57,5042.05
Female,Yes,No,Yes,25,No,No phone service,Fiber optic,No,Yes,Yes,Yes,No,Yes,One year,No,Credit card (automatic),115.01,2875.25
Female,No,Yes,No,40,No,No phone service,DSL,Yes,No,Yes,Yes,No,No,Month-to-month,No,Credit card (automatic),77.01,3080.4
Female,No,No,No,62,Yes,Yes,No,No internet service,No internet service,No internet service,No internet service,No internet service,No internet service,One year,Yes,Mailed check,28.31,1755.22
Female,Yes,Yes,Yes,64,Yes,No,No,No internet service,No internet service,No internet service,No internet service,No internet service,No internet service,Month-to-month,No,Credit card (automatic),21.62,1383.68
Male,No,No,Yes,37,Yes,No,No,No internet service,No internet service,No internet service,No internet service,No internet service,No internet service,One year,No,Electronic check,26.68,987.16
Male,Yes,Yes,No,20,Yes,Yes,No,No internet service,No internet service,No internet service,No internet service,No internet service,No internet service,One year,Yes,Mailed check,30.44,608.8
Female,Yes,Yes,No,47,Yes,Yes,No,No internet service,No internet service,No internet service,No internet service,No internet service,No internet service,One year,No,Credit card (automatic),21.52,1011.44
Female,Yes,Yes,No,13,No,No phone service,No,No internet service,No internet service,No internet service,No internet service,No internet service,No internet service,Two year,Yes,Credit card (automatic),22.48,292.24
Female,No,Yes,No,48,Yes,No,Fiber optic,No,No,No,Yes,Yes,No,Month-to-month,No,Mailed check,78.28,3757.44
Male,Yes,Yes,No,15,Yes,No,Fiber optic,Yes,No,No,No,Yes,Yes,One year,Yes,Mailed check,102.36,1535.4
Male,Yes,Yes,Yes,65,Yes,Yes,DSL,Yes,No,Yes,No,Yes,No,Month-to-month,No,Credit card (automatic),82.36,5353.4
Female,Yes,Yes,No,18,Yes,No,DSL,No,No,Yes,Yes,No,No,Month-to-month,Yes,Credit card (automatic),41.61,748.98
Male,Yes,Yes,No,4,Yes,Yes,Fiber optic,Yes,Yes,No,No,No,Yes,One year,Yes,Credit card (automatic),104.88,419.52
Female,No,Yes,No,17,No,No phone service,Fiber optic,Yes,Yes,No,No,No,Yes,Two year,Yes,Electronic check,70.27,1194.59
Male,No,Yes,No,52,No,No phone service,DSL,Yes,No,No,No,No,No,Two year,No,Mailed check,65.59,3410.68
Female,No,Yes,No,71,No,No phone service,Fiber optic,No,No,No,Yes,Yes,Yes,Two year,Yes,Electronic check,92.33,6555.43
Male,No,No,Yes,20,No,No phone service,No,No internet service,No internet service,No internet service,No internet service,No internet service,No internet service,Month-to-month,Yes,Credit card (automatic),18.09,361.8
Female,Yes,Yes,No,28,No,No phone service,DSL,Yes,No,No,No,Yes,Yes,One year,Yes,Mailed check,67.01,1876.28
Female,Yes,Yes,Yes,21,Yes,No,DSL,Yes,Yes,Yes,No,No,No,One year,Yes,Electronic check,68.48,1438.08
Male,Yes,No,No,44,No,No phone service,DSL,Yes,No,No,Yes,No,Yes,Month-to-month,Yes,Bank transfer (automatic),55.36,2435.84
Female,Yes,No,No,56,No,No phone service,No,No internet service,No internet service,No internet service,No internet service,No internet service,No internet service,Month-to-month,No,Credit card (automatic),26.22,1468.32
Female,Yes,No,Yes,33,Yes,No,No,No internet service,No internet service,No internet service,No internet service,No internet service,No internet service,Month-to-month,Yes,Bank transfer (automatic),31.41,1036.53
Female,No,Yes,No,31,No,No phone service,DSL,No,No,Yes,Yes,No,No,Two year,No,Mailed check,52.68,1633.08
Male,No,Yes,Yes,30,No,No phone service,DSL,Yes,Yes,Yes,No,Yes,Yes,Month-to-month,No,Electronic check,40.99,1229.7
Male,No,No,No,63,No,No phone service,Fiber optic,Yes,No,No,Yes,Yes,Yes,One year,No,Electronic check,96.29,6066.27
Female,No,Yes,No,15,No,No phone service,Fiber optic,Yes,Yes,Yes,No,Yes,No,One year,Yes,Bank transfer (automatic),88.08,1321.2
Male,No,No,No,46,Yes,No,Fiber optic,Yes,No,No,No,No,No,Two year,Yes,Mailed check,92.54,4256.84
Male,No,Yes,No,48,Yes,Yes,No,No internet service,No internet service,No internet service,No internet service,No internet service,No internet service,Month-to-month,Yes,Credit card (automatic),20.54,985.92
Female,Yes,No,No,38,No,No phone service,No,No internet service,No internet service,No internet service,No internet service,No internet service,No internet service,Month-to-month,No,Electronic check,32.59,1238.42
Male,Yes,Yes,No,60,Yes,No,No,No internet service,No internet service,No internet service,No internet service,No internet service,No internet service,One year,No,Bank transfer (automatic),23.69,1421.4
Female,Yes,No,Yes,44,Yes,Yes,Fiber optic,No,No,No,No,Yes,No,One year,Yes,Mailed check,100.68,4429.92
Female,No,No,Yes,10,Yes,No,DSL,No,No,No,No,No,No,One year,No,Credit card (automatic),79.38,793.8
Male,Yes,Yes,Yes,30,No,No phone service,No,No internet service,No internet service,No internet service,No internet service,No internet service,No internet service,Month-to-month,Yes,Mailed check,29.91,897.3
Female,Yes,Yes,Yes,60,Yes,Yes,Fiber optic,Yes,Yes,No,Yes,Yes,No,Month-to-month,No,Credit card (automatic),85.47,5128.2
Male,Yes,Yes,Yes,4,No,No phone service,Fiber optic,No,No,No,No,Yes,Yes,One year,No,Bank transfer (automatic),99.54,398.16
Female,No,Yes,Yes,56,No,No phone service,Fiber optic,No,No,Yes,No,Yes,Yes,Month-to-month,No,Bank transfer (automatic),96.17,5385.52
Female,Yes,No,No,38,Yes,No,Fiber optic,Yes,Yes,No,Yes,No,No,Month-to-month,No,Credit card (automatic),89.74,3410.12
Male,No,Yes,No,30,No,No phone service,Fiber optic,No,No,Yes,Yes,Yes,Yes,Two year,No,Credit card (automatic),84.48,2534.4
Female,No,Yes,No,2,Yes,Yes,No,No internet service,No internet service,No internet service,No internet service,No internet service,No internet service,Month-to-month,No,Bank transfer (automatic),18.38,36.76
Male,No,Yes,Yes,11,Yes,Yes,Fiber optic,Yes,No,No,No,No,No,Month-to-month,No,Electronic check,93.18,1024.98
Male,Yes,No,No,9,No,No phone service,DSL,Yes,No,No,Yes,Yes,Yes,One year,Yes,Electronic check,54.24,488.16
Male,No,Yes,Yes,60,No,No phone service,No,No internet service,No internet service,No internet service,No internet service,No internet service,No internet service,One year,Yes,Electronic check,34.34,2060.4
Male,No,No,No,25,No,No phone service,DSL,Yes,Yes,Yes,No,No,Yes,One year,Yes,Credit card (automatic),43.37,1084.25
Male,Yes,Yes,No,19,No,No phone service,DSL,Yes,Yes,No,Yes,No,Yes,Two year,Yes,Electronic check,37.99,721.81
Male,No,Yes,No,71,No,No phone service,Fiber optic,Yes,Yes,No,No,Yes,No,One year,No,Bank transfer (automatic),114.93,8160.03
Female,Yes,Yes,No,41,No,No phone service,Fiber optic,Yes,Yes,Yes,No,No,No,One year,Yes,Credit card (automatic),97.08,3980.28
Male,Yes,No,Yes,41,Yes,No,DSL,No,Yes,No,No,No,No,Two year,Yes,Electronic check,40.52,1661.32
Male,Yes,Yes,Yes,13,No,No phone service,DSL,Yes,Yes,No,No,No,Yes,Two year,Yes,Electronic check,53.32,693.16
Male,No,Yes,No,7,No,No phone service,No,No internet service,No internet service,No internet service,No internet service,No internet service,No internet service,One year,No,Electronic check,30.64,214.48
Female,Yes,Yes,No,9,Yes,Yes,DSL,Yes,No,Yes,Yes,Yes,Yes,Two year,No,Electronic check,62.92,566.28
Female,No,No,Yes,21,Yes,No,No,No internet service,No internet service,No internet service,No internet service,No internet service,No internet service,Month-to-month,No,Bank transfer (automatic),23.74,498.54
Female,No,No,No,55,No,No phone service,No,No internet service,No internet service,No internet service,No internet service,No internet service,No internet service,Two year,Yes,Credit card (automatic),22.09,1214.95
Female,No,No,No,50,Yes,Yes,Fiber optic,Yes,Yes,No,Yes,No,Yes,One year,Yes,Bank transfer (automatic),80.74,4037.0
Male,Yes,Yes,No,45,Yes,Yes,Fiber optic,No,Yes,Yes,No,No,Yes,Two year,Yes,Electronic check,98.52,4433.4
Female,No,Yes,No,12,No,No phone service,DSL,No,Yes,Yes,No,No,No,Month-to-month,Yes,Electronic check,55.83,669.96
Female,Yes,No,Yes,40,Yes,No,No,No internet service,No internet service,No internet service,No internet service,No internet service,No internet service,Month-to-month,Yes,Credit card (automatic),29.86,1194.4
Female,Yes,Yes,No,37,No,No phone service,DSL,Yes,No,Yes,No,Yes,No,One year,No,Mailed check,48.13,1780.81
Male,No,Yes,No,50,Yes,Yes,DSL,Yes,No,No,No,Yes,Yes,One year,No,Bank transfer (automatic),68.59,3429.5
Male,No,No,Yes,39,Yes,No,No,No internet service,No internet service,No internet service,No internet service,No internet service,No internet service,One year,Yes,Credit card (automatic),31.97,1246.83
Male,Yes,Yes,No,19,Yes,Yes,No,No internet service,No internet service,No internet service,No internet service,No internet service,No internet service,Two year,Yes,Bank transfer (automatic),18.93,359.67
Male,No,Yes,No,57,No,No phone service,DSL,No,Yes,Yes,Yes,No,No,Month-to-month,Yes,Credit card (automatic),66.15,3770.55
Male,No,Yes,Yes,36,Yes,No,DSL,No,Yes,Yes,No,No,No,Month-to-month,No,Credit card (automatic),78.21,2815.56
Male,No,Yes,No,62,Yes,Yes,DSL,No,Yes,Yes,Yes,No,No,Two year,Yes,Electronic check,59.5,3689.0
Female,No,No,No,30,No,No phone service,DSL,No,No,Yes,No,Yes,Yes,One year,Yes,Electronic check,52.09,1562.7
Female,Yes,No,Yes,19,No,No phone service,Fiber optic,No,No,Yes,Yes,Yes,Yes,One year,Yes,Credit card (automatic),113.13,2149.47
Male,Yes,No,Yes,71,Yes,Yes,Fiber optic,Yes,Yes,No,No,No,No,Two year,No,Mailed check,92.15,6542.65
Male,Yes,Yes,Yes,3,No,No phone service,No,No internet service,No internet service,No internet service,No internet service,No internet service,No internet service,Month-to-month,Yes,Mailed check,27.64,82.92
Male,No,Yes,No,17,No,No phone service,No,No internet service,No internet service,No internet service,No internet service,No internet service,No internet service,Month-to-month,No,Credit card (automatic),29.04,493.68
Female,Yes,Yes,Yes,28,Yes,No,DSL,No,No,Yes,Yes,Yes,Yes,One year,No,Bank transfer (automatic),43.85,1227.8
Female,Yes,No,No,5,No,No phone service,No,No internet service,No internet service,No internet service,No internet service,No internet service,No internet service,Two year,Yes,Electronic check,23.32,116.6
Female,No,Yes,Yes,66,No,No phone service,No,No internet service,No internet service,No internet service,No internet service,No internet service,No internet service,One year,Yes,Mailed check,18.67,1232.22
Female,No,No,No,36,No,No phone service,DSL,No,No,Yes,Yes,No,No,Two year,Yes,Mailed check,39.52,1422.72
Male,No,No,No,57,Yes,Yes,Fiber optic,Yes,No,Yes,No,No,Yes,Month-to-month,Yes,Electronic check,105.92,6037.44
Female,No,Yes,No,65,Yes,No,No,No internet service,No internet service,No internet service,No internet service,No internet service,No internet service,Month-to-month,No,Mailed check,24.47,1590.55
Male,Yes,Yes,Yes,53,No,No phone service,Fiber optic,No,No,Yes,Yes,Yes,Yes,One year,Yes,Credit card (automatic),70.18,3719.54
Female,No,Yes,No,30,Yes,No,Fiber optic,No,No,Yes,Yes,Yes,No,Two year,Yes,Electronic check,100.99,3029.7
Male,Yes,Yes,No,4,Yes,Yes,No,No internet service,No internet service,No internet service,No internet service,No internet service,No internet service,Two year,No,Bank transfer (automatic),27.83,111.32
Male,Yes,Yes,No,22,Yes,No,No,No internet service,No internet service,No internet service,No internet service,No internet service,No internet service,Two year,Yes,Credit card (automatic),29.24,643.28
Female,Yes,Yes,No,41,No,No phone service,Fiber optic,Yes,No,Yes,No,No,Yes,One year,No,Credit card (automatic),76.1,3120.1
Male,Yes,Yes,Yes,67,Yes,No,No,No internet service,No internet service,No internet service,No internet service,No internet service,No internet service,Two year,No,Credit card (automatic),29.71,1990.57
Female,No,No,Yes,72,No,No phone service,No,No internet service,No internet service,No internet service,No internet service,No internet service,No internet service,One year,No,Mailed check,30.4,2188.8
Male,No,Yes,Yes,15,Yes,No,No,No internet service,No internet service,No internet service,No internet service,No internet service,No internet service,Two year,Yes,Credit card (automatic),31.54,473.1
Female,Yes,No,No,71,Yes,Yes,No,No internet service,No internet service,No internet service,No internet service,No internet service,No internet service,One year,No,Electronic check,21.42,1520.82
Female,No,No,Yes,14,No,No phone service,Fiber optic,No,Yes,Yes,Yes,No,No,One year,No,Electronic check,116.11,1625.54
Male,No,Yes,No,68,No,No phone service,Fiber optic,No,Yes,No,No,Yes,Yes,One year,No,Electronic check,98.87,6723.16
Male,No,Yes,No,48,Yes,No,DSL,Yes,No,No,Yes,No,No,Month-to-month,No,Credit card (automatic),39.34,1888.32
Female,Yes,No,Yes,14,No,No phone service,DSL,Yes,Yes,No,Yes,No,Yes,One year,No,Bank transfer (automatic),44.51,623.14
Male,Yes,Yes,Yes,4,No,No phone service,Fiber optic,Yes,Yes,No,Yes,Yes,No,Month-to-month,Yes,Bank transfer (automatic),93.34,373.36
Male,No,Yes,No,25,Yes,No,Fiber optic,No,No,Yes,No,Yes,Yes,Month-to-month,Yes,Mailed check,83.68,2092.0
Female,No,No,Yes,36,Yes,Yes,DSL,No,No,No,Yes,Yes,Yes,Two year,Yes,Electronic check,58.54,2107.44
Female,Yes,Yes,No,50,Yes,No,No,No internet service,No internet service,No internet service,No internet service,No internet service,No internet service,One year,Yes,Electronic check,24.05,1202.5
Female,Yes,Yes,No,12,No,No phone service,Fiber optic,No,No,Yes,Yes,Yes,No,One year,Yes,Bank transfer (automatic),115.64,1387.68
Female,No,No,Yes,8,No,No phone service,DSL,No,No,No,Yes,No,No,Month-to-month,Yes,Credit card (automatic),65.22,521.76
Male,No,Yes,No,68,No,No phone service,Fiber optic,No,Yes,Yes,Yes,No,No,Month-to-month,No,Credit card (automatic),73.3,4984.4
Female,Yes,Yes,Yes,62,Yes,No,Fiber optic,Yes,No,Yes,No,No,Yes,Two year,No,Bank transfer (automatic),99.91,6194.42
Female,Yes,Yes,Yes,17,Yes,Yes,No,No internet service,No internet service,No internet service,No internet service,No internet service,No internet service,Two year,No,Credit card (automatic),20.54,349.18
Female,Yes,Yes,No,38,No,No phone service,Fiber optic,No,Yes,Yes,No,Yes,No,Two year,Yes,Electronic check,73.12,2778.56
Female,Yes,No,Yes,30,No,No phone service,No,No internet service,No internet service,No internet service,No internet service,No internet service,No internet service,Two year,No,Credit card (automatic),28.03,840.9
Female,No,No,Yes,22,No,No phone service,DSL,Yes,No,No,No,Yes,No,Two year,Yes,Mailed check,84.87,1867.14
Male,Yes,Yes,Yes,62,No,No phone service,DSL,Yes,Yes,No,No,No,Yes,One year,No,Credit card (automatic),57.72,3578.64
Female,Yes,Yes,No,0,No,No phone service,No,No internet service,No internet service,No internet service,No internet service,No internet service,No internet service,Two year,No,Credit card (automatic),22.02,0.0
Female,Yes,Yes,No,47,Yes,No,No,No internet service,No internet service,No internet service,No internet service,No internet service,No internet service,Two year,No,Credit card (automatic),19.36,909.92
Male,Yes,Yes,No,9,No,No phone service,No,No internet service,No internet service,No internet service,No internet service,No internet service,No internet service,One year,Yes,Credit card (automatic),18.9,170.1
Female,No,No,No,45,No,No phone service,Fiber optic,Yes,Yes,No,No,Yes,No,Two year,Yes,Bank transfer (automatic),98.91,4450.95
Male,No,No,Yes,16,Yes,No,Fiber optic,Yes,No,No,No,Yes,Yes,Two year,Yes,Credit card (automatic),100.19,1603.04
Female,Yes,No,Yes,62,Yes,Yes,Fiber optic,Yes,Yes,Yes,No,No,No,One year,Yes,Mailed check,81.9,5077.8
Female,Yes,No,Yes,6,Yes,No,Fiber optic,No,No,No,Yes,No,No,Month-to-month,No,Electronic check,93.73,562.38
Female,No,No,No,67,Yes,Yes,No,No internet service,No internet service,No internet service,No internet service,No internet service,No internet service,One year,No,Bank transfer (automatic),28.84,1932.28
Female,No,Yes,No,50,No,No phone service,No,No internet service,No internet service,No internet service,No internet service,No internet service,No internet service,Two year,Yes,Bank transfer (automatic),30.73,1536.5
Male,No,Yes,Yes,8,Yes,No,DSL,Yes,No,No,Yes,No,No,Month-to-month,Yes,Electronic check,44.65,357.2
Male,Yes,Yes,Yes,16,No,No phone service,No,No internet service,No internet service,No internet service,No internet service,No internet service,No internet service,Two year,Yes,Electronic check,30.99,495.84
Male,No,No,No,9,No,No phone service,Fiber optic,No,No,No,Yes,Yes,No,One year,No,Bank transfer (automatic),108.86,979.74
Male,No,No,Yes,56,Yes,No,DSL,No,Yes,No,Yes,Yes,No,Two year,Yes,Credit card (automatic),45.92,2571.52
Female,Yes,Yes,Yes,9,No,No phone service,Fiber optic,Yes,No,Yes,Yes,Yes,No,Two year,No,Credit card (automatic),83.32,749.88
Male,No,No,No,51,Yes,Yes,DSL,No,No,Yes,No,No,No,Two year,Yes,Bank transfer (automatic),55.03,2806.53
Female,Yes,No,No,25,Yes,Yes,Fiber optic,Yes,No,No,Yes,No,No,Two year,No,Mailed check,74.24,1856.0
Male,Yes,Yes,Yes,30,No,No phone service,Fiber optic,Yes,No,No,No,Yes,Yes,One year,Yes,Credit card (automatic),86.96,2608.8
Male,Yes,No,Yes,29,Yes,Yes,No,No internet service,No internet service,No internet service,No internet service,No internet service,No internet service,Two year,Yes,Credit card (automatic),20.41,591.89
Male,Yes,Yes,Yes,22,Yes,No,DSL,No,Yes,Yes,Yes,Yes,No,Two year,Yes,Electronic check,64.75,1424.5
Male,No,No,No,41,Yes,Yes,Fiber optic,Yes,Yes,Yes,No,Yes,Yes,One year,Yes,Bank transfer (automatic),83.69,3431.29
Male,No,Yes,Yes,17,Yes,No,DSL,Yes,No,Yes,Yes,Yes,Yes,Two year,No,Credit card (automatic),81.31,1382.27
Female,Yes,Yes,Yes,34,No,No phone service,Fiber optic,Yes,Yes,Yes,Yes,No,Yes,One year,No,Credit card (automatic),101.36,3446.24
Male,Yes,Yes,Yes,67,Yes,No,No,No internet service,No internet service,No internet service,No internet service,No internet service,No internet service,One year,Yes,Bank transfer (automatic),26.63,1784.21
Male,Yes,Yes,Yes,60,No,No phone service,DSL,Yes,Yes,Yes,No,No,Yes,One year,No,Electronic check,56.73,3403.8
Male,Yes,Yes,Yes,3,No,No phone service,No,No internet service,No internet service,No internet service,No internet service,No internet service,No internet service,Month-to-month,No,Bank transfer (automatic),19.97,59.91
Female,Yes,No,Yes,14,No,No phone service,DSL,Yes,Yes,No,Yes,No,Yes,Two year,No,Electronic check,38.68,541.52
Female,Yes,Yes,No,22,No,No phone service,Fiber optic,Yes,No,Yes,No,No,Yes,Month-to-month,Yes,Bank transfer (automatic),86.79,1909.38
Male,Yes,No,No,53,Yes,No,DSL,No,Yes,Yes,Yes,Yes,No,One year,Yes,Credit card (automatic),77.85,4126.05
Female,No,Yes,No,31,Yes,No,Fiber optic,Yes,Yes,Yes,No,Yes,Yes,Two year,Yes,Credit card (automatic),119.56,3706.36
Female,No,Yes,No,63,Yes,Yes,No,No internet service,No internet service,No internet service,No internet service,No internet service,No internet service,Two year,No,Mailed check,30.8,1940.4
Male,No,No,Yes,11,Yes,No,No,No internet service,No internet service,No internet service,No internet service,No internet service,No internet service,Two year,No,Electronic check,23.18,254.98
Female,No,Yes,No,23,No,No phone service,No,No internet service,No internet service,No internet service,No internet service,No internet service,No internet service,Two year,Yes,Electronic check,25.89,595.47
Female,No,Yes,No,54,No,No phone service,No,No internet service,No internet service,No internet service,No internet service,No internet service,No internet service,Two year,Yes,Electronic check,34.08,1840.32
Female,Yes,No,Yes,14,No,No phone service,Fiber optic,No,Yes,No,No,Yes,Yes,Month-to-month,Yes,Bank transfer (automatic),98.04,1372.56
Male,Yes,No,Yes,28,No,No phone service,Fiber optic,No,No,No,Yes,Yes,No,One year,Yes,Credit card (automatic),87.26,2443.28
Female,No,No,Yes,24,No,No phone service,DSL,Yes,No,Yes,No,Yes,Yes,Month-to-month,Yes,Credit card (automatic),43.24,1037.76
Male,Yes,Yes,No,53,Yes,No,Fiber optic,No,No,Yes,No,Yes,Yes,Month-to-month,No,Credit card (automatic),71.1,3768.3
Female,No,No,No,58,No,No phone service,No,No internet service,No internet service,No internet service,No internet service,No internet service,No internet service,One year,Yes,Bank transfer (automatic),20.24,1173.92
Male,No,No,No,6,Yes,No,Fiber optic,No,Yes,Yes,No,Yes,Yes,Two year,Yes,Mailed check,111.97,671.82
Male,Yes,Yes,No,16,No,No phone service,Fiber optic,No,Yes,Yes,Yes,No,No,One year,Yes,Bank transfer (automatic),77.4,1238.4
Male,Yes,No,No,18,No,No phone service,Fiber optic,Yes,Yes,No,No,No,No,Two year,Yes,Credit card (automatic),118.48,2132.64
Female,Yes,No,Yes,17,Yes,No,DSL,No,Yes,No,No,Yes,No,Two year,Yes,Mailed check,37.75,641.75
Female,Yes,Yes,Yes,68,No,No phone service,No,No internet service,No internet service,No internet service,No internet service,No internet service,No internet service,Month-to-month,No,Mailed check,29.42,2000.56
Female,No,Yes,No,50,Yes,No,Fiber optic,No,No,Yes,No,No,No,One year,Yes,Mailed check,85.4,4270.0
Female,No,No,No,20,No,No phone service,No,No internet service,No internet service,No internet service,No internet service,No internet service,No internet service,Month-to-month,Yes,Mailed check,33.24,664.8
Male,No,No,No,8,No,No phone service,DSL,Yes,No,No,No,Yes,No,Month-to-month,Yes,Mailed check,70.51,564.08
Female,No,No,Yes,38,No,No phone service,Fiber optic,No,Yes,Yes,Yes,Yes,No,Two year,No,Electronic check,85.01,3230.38
Female,No,Yes,No,31,Yes,Yes,Fiber optic,No,Yes,No,No,No,No,One year,Yes,Bank transfer (automatic),101.4,3143.4
Male,No,Yes,Yes,18,No,No phone service,Fiber optic,Yes,No,Yes,Yes,No,No,One year,Yes,Bank transfer (automatic),90.98,1637.64
Female,Yes,Yes,Yes,12,Yes,No,Fiber optic,No,No,No,Yes,No,Yes,Two year,No,Bank transfer (automatic),70.64,847.68
Female,No,No,Yes,13,Yes,Yes,No,No internet service,No internet service,No internet service,No internet service,No internet service,No internet service,Month-to-month,Yes,Credit card (automatic),21.76,282.88
Female,Yes,Yes,Yes,2,No,No phone service,Fiber optic,No,No,Yes,No,No,Yes,Month-to-month,Yes,Mailed check,105.49,210.98
Male,Yes,Yes,No,16,Yes,Yes,DSL,No,Yes,Yes,Yes,No,No,Month-to-month,Yes,Electronic check,37.13,594.08
Female,Yes,No,Yes,8,No,No phone service,No,No internet service,No internet service,No internet service,No internet service,No internet service,No internet service,Month-to-month,Yes,Mailed check,18.17,145.36
Male,Yes,No,Yes,11,Yes,No,No,No internet service,No internet service,No internet service,No internet service,No internet service,No internet service,Month-to-month,Yes,Electronic check,23.91,263.01
Male,Yes,Yes,Yes,36,Yes,Yes,No,No internet service,No internet service,No internet service,No internet service,No internet service,No internet service,Month-to-month,No,Bank transfer (automatic),19.68,708.48
Male,No,Yes,Yes,45,No,No phone service,Fiber optic,Yes,Yes,No,Yes,No,Yes,Two year,Yes,Credit card (automatic),93.3,4198.5
Female,No,Yes,Yes,41,No,No phone service,DSL,No,No,No,No,No,Yes,One year,No,Mailed check,62.7,2570.7
Male,No,No,Yes,1,No,No phone service,No,No internet service,No internet service,No internet service,No internet service,No internet service,No internet service,One year,Yes,Electronic check,19.79,19.79
Male,No,No,Yes,21,Yes,No,DSL,No,Yes,No,Yes,Yes,No,One year,No,Credit card (automatic),71.26,1496.46
Female,No,No,No,65,No,No phone service,DSL,No,Yes,Yes,No,No,No,Month-to-month,Yes,Electronic check,46.54,3025.1
Male,Yes,No,Yes,22,No,No phone service,No,No internet service,No internet service,No internet service,No internet service,No internet service,No internet service,Month-to-month,No,Electronic check,29.55,650.1
Male,No,No,Yes,37,No,No phone service,Fiber optic,No,No,Yes,Yes,No,Yes,One year,No,Credit card (automatic),89.18,3299.66
Female,Yes,Yes,Yes,71,No,No phone service,No,No internet service,No internet service,No internet service,No internet service,No internet service,No internet service,One year,Yes,Bank transfer (automatic),20.79,1476.09
Female,No,Yes,No,70,No,No phone service,Fiber optic,Yes,Yes,No,No,No,No,One year,No,Bank transfer (automatic),100.85,7059.5
Male,Yes,Yes,Yes,46,No,No phone service,No,No internet service,No internet service,No internet service,No internet service,No internet service,No internet service,Two year,No,Credit card (automatic),27.93,1284.78
Male,No,No,No,52,No,No phone service,DSL,Yes,Yes,Yes,No,Yes,Yes,Month-to-month,No,Mailed check,78.45,4079.4
Male,No,Yes,No,54,No,No phone service,Fiber optic,Yes,No,Yes,No,No,No,Month-to-month,No,Electronic check,86.12,4650.48
Male,No,No,No,21,No,No phone service,Fiber optic,No,Yes,No,Yes,Yes,No,One year,No,Mailed check,83.26,1748.46
Male,Yes,No,No,8,No,No phone service,Fiber optic,Yes,No,Yes,No,No,No,One year,Yes,Credit card (automatic),103.17,825.36
Female,No,No,Yes,2,Yes,No,DSL,No,No,No,Yes,Yes,No,Month-to-month,Yes,Bank transfer (automatic),58.12,116.24
Female,No,No,Yes,26,No,No phone service,Fiber optic,No,Yes,No,Yes,No,Yes,Month-to-month,Yes,Mailed check,75.68,1967.68
Female,No,No,No,54,Yes,Yes,DSL,No,Yes,Yes,No,No,Yes,Month-to-month,No,Electronic check,67.21,3629.34
Male,Yes,No,No,8,No,No phone service,Fiber optic,Yes,No,Yes,Yes,Yes,Yes,Two year,No,Credit card (automatic),96.1,768.8
Male,Yes,Yes,No,42,No,No phone service,No,No internet service,No internet service,No internet service,No internet service,No internet service,No internet service,One year,Yes,Mailed check,30.65,1287.3
Male,Yes,Yes,No,56,No,No phone service,Fiber optic,Yes,No,No,Yes,No,No,Month-to-month,No,Mailed check,93.74,5249.44
Female,No,No,No,2,Yes,Yes,No,No internet service,No internet service,No internet service,No internet service,No internet service,No internet service,Two year,Yes,Bank transfer (automatic),33.6,67.2
Female,No,No,Yes,68,Yes,No,Fiber optic,Yes,No,No,No,Yes,Yes,Month-to-month,No,Bank transfer (automatic),84.87,5771.16
Female,Yes,No,Yes,62,No,No phone service,No,No internet service,No internet service,No internet service,No internet service,No internet service,No internet service,One year,No,Electronic check,25.02,1551.24
Male,No,Yes,No,53,No,No phone service,Fiber optic,Yes,Yes,Yes,No,Yes,Yes,Two year,No,Bank transfer (automatic),90.03,4771.59
Male,Yes,Yes,Yes,66,Yes,No,Fiber optic,No,No,Yes,No,Yes,No,Month-to-month,Yes,Credit card (automatic),109.98,7258.68
Female,Yes,No,No,28,Yes,Yes,No,No internet service,No internet service,No internet service,No internet service,No internet service,No internet service,Two year,Yes,Electronic check,29.0,812.0
Female,Yes,No,Yes,6,No,No phone service,No,No internet service,No internet service,No internet service,No internet service,No internet service,No internet service,One year,Yes,Electronic check,25.29,151.74
Female,Yes,Yes,Yes,67,No,No phone service,Fiber optic,No,Yes,Yes,Yes,Yes,No,One year,No,Mailed check,84.4,5654.8
Female,Yes,Yes,No,24,No,No phone service,DSL,No,Yes,Yes,No,No,Yes,Month-to-month,No,Credit card (automatic),65.88,1581.12
Male,Yes,No,Yes,41,No,No phone service,No,No internet service,No internet service,No internet service,No internet service,No internet service,No internet service,One year,No,Bank transfer (automatic),21.61,886.01
Male,Yes,Yes,Yes,42,Yes,No,Fiber optic,Yes,Yes,No,No,No,No,Month-to-month,Yes,Mailed check,103.56,4349.52
Female,Yes,No,No,59,Yes,Yes,Fiber optic,No,Yes,No,Yes,No,Yes,One year,No,Bank transfer (automatic),118.93,7016.87
Female,No,No,No,66,No,No phone service,Fiber optic,Yes,No,No,Yes,No,Yes,Month-to-month,Yes,Mailed check,79.45,5243.7
Male,No,No,Yes,59,No,No phone service,DSL,No,Yes,No,No,No,No,Two year,Yes,Electronic check,59.65,3519.35
Female,Yes,Yes,No,23,Yes,No,No,No internet service,No internet service,No internet service,No internet service,No internet service,No internet service,Two year,Yes,Electronic check,33.15,762.45
Male,No,Yes,Yes,63,Yes,No,DSL,No,Yes,No,No,Yes,No,Month-to-month,No,Credit card (automatic),42.69,2689.47
Female,No,Yes,No,5,No,No phone service,Fiber optic,Yes,Yes,Yes,No,No,Yes,Two year,No,Electronic check,107.19,535.95
Female,No,Yes,Yes,51,Yes,Yes,DSL,Yes,No,No,No,Yes,Yes,One year,No,Mailed check,49.93,2546.43
Female,Yes,No,Yes,62,No,No phone service,Fiber optic,No,No,No,Yes,No,No,One year,No,Electronic check,100.69,6242.78
Male,No,No,Yes,19,No,No phone service,No,No internet service,No internet service,No internet service,No internet service,No internet service,No internet service,Two year,Yes,Bank transfer (automatic),28.7,545.3
Female,No,Yes,No,38,Yes,Yes,No,No internet service,No internet service,No internet service,No internet service,No internet service,No internet service,Month-to-month,No,Bank transfer (automatic),33.35,1267.3
Male,Yes,Yes,Yes,65,No,No phone service,Fiber optic,Yes,No,No,No,No,Yes,Month-to-month,Yes,Credit card (automatic),108.43,7047.95
Male,Yes,No,Yes,10,No,No phone service,No,No internet service,No internet service,No internet service,No internet service,No internet service,No internet service,Two year,No,Credit card (automatic),23.06,230.6
Female,No,Yes,Yes,23,Yes,No,No,No internet service,No internet service,No internet service,No internet service,No internet service,No internet service,Two year,Yes,Electronic check,19.81,455.63
Female,Yes,Yes,Yes,61,No,No phone service,No,No internet service,No internet service,No internet service,No internet service,No internet service,No internet service,Two year,No,Bank transfer (automatic),24.89,1518.29
Female,No,No,Yes,16,Yes,Yes,DSL,Yes,Yes,Yes,Yes,Yes,No,Two year,Yes,Credit card (automatic),67.43,1078.88
Male,Yes,No,No,18,No,No phone service,Fiber optic,Yes,Yes,Yes,Yes,No,No,One year,Yes,Mailed check,93.57,1684.26
Female,No,Yes,No,1,Yes,No,Fiber optic,No,No,Yes,No,No,No,Two year,No,Mailed check,95.67,95.67
Male,Yes,No,No,70,Yes,No,No,No internet service,No internet service,No internet service,No internet service,No internet service,No internet service,One year,Yes,Credit card (automatic),25.09,1756.3
Female,No,No,Yes,20,No,No phone service,No,No internet service,No internet service,No internet service,No internet service,No internet service,No internet service,One year,No,Mailed check,21.27,425.4
Male,No,No,Yes,37,No,No phone service,Fiber optic,No,No,Yes,Yes,No,Yes,Month-to-month,Yes,Mailed check,103.35,3823.95
Male,No,Yes,No,63,No,No phone service,DSL,Yes,Yes,Yes,No,No,No,Month-to-month,Yes,Electronic check,68.85,4337.55
Female,No,Yes,Yes,15,Yes,No,Fiber optic,No,No,Yes,No,Yes,Yes,One year,No,Electronic check,105.32,1579.8
Male,Yes,Yes,Yes,21,Yes,Yes,Fiber optic,Yes,No,No,No,Yes,Yes,One year,Yes,Electronic check,102.35,2149.35
Male,No,No,Yes,31,No,No phone service,Fiber optic,No,Yes,Yes,No,No,No,Two year,Yes,Mailed check,88.03,2728.93
Female,Yes,Yes,No,52,No,No phone service,Fiber optic,No,Yes,No,Yes,Yes,Yes,One year,No,Mailed check,74.24,3860.48
Female,Yes,No,Yes,19,Yes,No,Fiber optic,No,No,No,No,Yes,No,Two year,Yes,Credit card (automatic),115.01,2185.19
Female,Yes,No,No,51,Yes,No,DSL,Yes,No,No,Yes,No,Yes,Two year,No,Bank transfer (automatic),39.64,2021.64
Male,Yes,Yes,No,30,No,No phone service,No,No internet service,No internet service,No internet service,No internet service,No internet service,No internet service,Two year,Yes,Electronic check,25.19,755.7
Female,No,No,Yes,6,Yes,No,Fiber optic,Yes,No,No,Yes,Yes,No,Two year,Yes,Credit card (automatic),84.96,509.76
Male,Yes,No,Yes,46,No,No phone service,DSL,Yes,No,No,Yes,Yes,Yes,Month-to-month,No,Mailed check,56.24,2587.04
Female,Yes,No,No,71,No,No phone service,Fiber optic,No,No,No,No,No,Yes,Month-to-month,No,Credit card (automatic),77.22,5482.62
Male,Yes,Yes,No,60,Yes,Yes,No,No internet service,No internet service,No internet service,No internet service,No internet service,No internet service,Month-to-month,No,Electronic check,24.28,1456.8
Male,No,No,Yes,66,Yes,Yes,Fiber optic,No,No,No,No,No,Yes,Month-to-month,No,Electronic check,109.56,7230.96
Female,No,Yes,Yes,62,Yes,Yes,No,No internet service,No internet service,No internet service,No internet service,No internet service,No internet service,Month-to-month,No,Credit card (automatic),23.93,1483.66
Female,No,No,No,60,Yes,Yes,No,No internet service,No internet service,No internet service,No internet service,No internet service,No internet service,One year,No,Mailed check,28.82,1729.2
Female,Yes,No,No,29,No,No phone service,Fiber optic,Yes,No,No,Yes,Yes,Yes,Two year,No,Electronic check,98.6,2859.4
Male,Yes,Yes,Yes,60,Yes,Yes,No,No internet service,No internet service,No internet service,No internet service,No internet service,No internet service,Month-to-month,Yes,Bank transfer (automatic),33.92,2035.2
Male,Yes,No,Yes,68,No,No phone service,Fiber optic,Yes,No,Yes,No,No,Yes,Two year,No,Credit card (automatic),90.75,6171.0
Female,Yes,Yes,Yes,69,Yes,No,DSL,Yes,No,Yes,Yes,No,No,Month-to-month,No,Mailed check,68.93,4756.17
Male,Yes,No,No,12,No,No phone service,DSL,No,No,No,No,Yes,Yes,Two year,Yes,Credit card (automatic),45.13,541.56
Female,Yes,No,Yes,40,No,No phone service,No,No internet service,No internet service,No internet service,No internet service,No internet service,No internet service,One year,Yes,Credit card (automatic),24.92,996.8
Male,Yes,No,Yes,31,Yes,No,No,No internet service,No internet service,No internet service,No internet service,No internet service,No internet service,Month-to-month,Yes,Mailed check,24.91,772.21
Female,Yes,Yes,No,71,No,No phone service,DSL,Yes,No,No,Yes,Yes,Yes,One year,No,Bank transfer (automatic),81.68,5799.28
Female,No,Yes,No,5,Yes,Yes,Fiber optic,Yes,No,Yes,Yes,No,No,Two year,No,Bank transfer (automatic),80.54,402.7
Female,No,No,Yes,41,No,No phone service,DSL,No,No,Yes,Yes,Yes,No,Month-to-month,Yes,Credit card (automatic),35.21,1443.61
Female,No,Yes,Yes,68,Yes,No,No,No internet service,No internet service,No internet service,No internet service,No internet service,No internet service,One year,No,Credit card (automatic),20.1,1366.8
Male,Yes,Yes,No,47,Yes,No,DSL,Yes,Yes,No,No,Yes,Yes,Two year,No,Mailed check,75.81,3563.07
Male,No,No,Yes,35,No,No phone service,No,No internet service,No internet service,No internet service,No internet service,No internet service,No internet service,Month-to-month,Yes,Mailed check,30.02,1050.7
Female,Yes,No,No,21,Yes,Yes,DSL,Yes,Yes,Yes,No,Yes,No,Two year,Yes,Bank transfer (automatic),44.59,936.39
Female,Yes,No,Yes,41,No,No phone service,Fiber optic,No,Yes,No,No,No,Yes,Month-to-month,Yes,Bank transfer (automatic),114.19,4681.79
Female,No,No,Yes,50,Yes,No,DSL,Yes,Yes,No,Yes,Yes,Yes,One year,Yes,Electronic check,43.22,2161.0
Male,No,No,Yes,42,No,No phone service,DSL,Yes,No,Yes,No,Yes,No,Month-to-month,Yes,Credit card (automatic),60.98,2561.16
Male,No,Yes,Yes,7,Yes,No,Fiber optic,Yes,Yes,Yes,No,Yes,No,One year,Yes,Electronic check,100.54,703.78
Male,Yes,No,No,51,Yes,No,DSL,Yes,No,No,No,No,Yes,Two year,Yes,Credit card (automatic),51.98,2650.98
Female,Yes,Yes,Yes,1,Yes,Yes,No,No internet service,No internet service,No internet service,No internet service,No internet service,No internet service,Two year,No,Bank transfer (automatic),20.14,20.14
Female,No,No,Yes,31,Yes,Yes,DSL,Yes,No,No,No,No,Yes,One year,No,Bank transfer (automatic),42.37,1313.47
Female,Yes,Yes,Yes,30,Yes,No,Fiber optic,Yes,Yes,Yes,Yes,No,Yes,Two year,No,Bank transfer (automatic),103.39,3101.7
Female,No,No,No,20,Yes,No,DSL,No,Yes,Yes,Yes,Yes,No,Month-to-month,No,Bank transfer (automatic),66.2,1324.0
Female,Yes,No,Yes,0,No,No phone service,DSL,Yes,No,Yes,Yes,Yes,No,Two year,No,Electronic check,57.02,0.0
Male,Yes,Yes,No,22,Yes,No,No,No internet service,No internet service,No internet service,No internet service,No internet service,No internet service,Two year,Yes,Mailed check,20.96,461.12
Male,Yes,Yes,No,12,Yes,Yes,Fiber optic,Yes,No,Yes,No,No,Yes,One year,Yes,Credit card (automatic),88.48,1061.76
Male,Yes,Yes,Yes,24,Yes,No,No,No internet service,No internet service,No internet service,No internet service,No internet service,No internet service,Two year,No,Mailed check,24.36,584.64
Male,Yes,No,Yes,41,Yes,Yes,No,No internet service,No internet service,No internet service,No internet service,No internet service,No internet service,Month-to-month,No,Mailed check,31.53,1292.73
Male,No,Yes,Yes,65,No,No phone service,No,No internet service,No internet service,No internet service,No internet service,No internet service,No internet service,One year,No,Credit card (automatic),30.77,2000.05
Male,No,No,No,63,No,No phone service,Fiber optic,No,Yes,Yes,Yes,Yes,No,One year,Yes,Bank transfer (automatic),113.16,7129.08
Female,No,Yes,No,32,Yes,Yes,DSL,No,No,No,Yes,Yes,No,One year,No,Credit card (automatic),60.61,1939.52
Female,No,No,No,63,No,No phone service,Fiber optic,No,Yes,Yes,No,Yes,No,One year,Yes,Bank transfer (automatic),102.27,6443.01
Male,No,Yes,Yes,15,Yes,No,DSL,Yes,No,Yes,No,No,No,Two year,No,Mailed check,72.26,1083.9
Male,No,Yes,No,36,No,No phone service,Fiber optic,No,Yes,No,Yes,No,Yes,Two year,Yes,Credit card (automatic),81.35,2928.6
Male,No,No,No,10,No,No phone service,DSL,No,No,Yes,No,No,Yes,Two year,Yes,Bank transfer (automatic),53.74,537.4
Male,No,No,No,28,No,No phone service,Fiber optic,No,No,No,Yes,Yes,Yes,One year,No,Credit card (automatic),77.68,2175.04
Male,No,Yes,No,24,No,No phone service,DSL,No,No,No,Yes,Yes,Yes,Month-to-month,Yes,Credit card (automatic),68.74,1649.76
Male,Yes,Yes,Yes,49,No,No phone service,DSL,Yes,No,Yes,No,Yes,No,Month-to-month,No,Credit card (automatic),60.93,2985.57
Female,Yes,Yes,Yes,68,No,No phone service,Fiber optic,Yes,No,Yes,Yes,Yes,No,Two year,No,Mailed check,91.61,6229.48
Female,Yes,No,No,25,Yes,Yes,Fiber optic,Yes,No,Yes,No,No,No,Month-to-month,Yes,Bank transfer (automatic),93.13,2328.25
Female,No,No,No,22,No,No phone service,DSL,Yes,No,No,No,Yes,Yes,Month-to-month,Yes,Mailed check,54.68,1202.96
Female,No,Yes,Yes,63,No,No phone service,No,No internet service,No internet service,No internet service,No internet service,No internet service,No internet service,One year,Yes,Electronic check,20.06,1263.78
Female,No,No,Yes,32,Yes,Yes,Fiber optic,Yes,Yes,No,No,No,No,One year,Yes,Electronic check,112.79,3609.28
Female,Yes,Yes,No,59,No,No phone service,Fiber optic,Yes,Yes,Yes,No,Yes,No,Month-to-month,Yes,Electronic check,111.02,6550.18
Male,Yes,No,Yes,68,No,No phone service,DSL,Yes,Yes,No,Yes,No,No,Two year,Yes,Mailed check,43.9,2985.2
Female,Yes,Yes,No,39,No,No phone service,DSL,Yes,Yes,No,Yes,Yes,No,Month-to-month,Yes,Electronic check,80.44,3137.16
Female,Yes,Yes,No,24,Yes,Yes,DSL,Yes,Yes,Yes,No,Yes,No,Two year,Yes,Mailed check,51.13,1227.12
Female,No,Yes,Yes,27,Yes,No,Fiber optic,Yes,Yes,No,No,Yes,No,Month-to-month,Yes,Bank transfer (automatic),80.64,2177.28
Female,Yes,Yes,Yes,52,No,No phone service,No,No internet service,No internet service,No internet service,No internet service,No internet service,No internet service,Month-to-month,Yes,Bank transfer (automatic),26.49,1377.48
Male,No,No,Yes,42,Yes,No,No,No internet service,No internet service,No internet service,No internet service,No internet service,No internet service,One year,Yes,Credit card (automatic),26.2,1100.4
Female,Yes,Yes,Yes,2,Yes,No,DSL,No,Yes,Yes,Yes,Yes,No,Month-to-month,Yes,Credit card (automatic),59.94,119.88
Male,Yes,Yes,No,42,Yes,No,Fiber optic,Yes,No,No,Yes,Yes,No,Month-to-month,Yes,Mailed check,87.14,3659.88
Male,No,No,Yes,56,Yes,Yes,Fiber optic,Yes,Yes,Yes,Yes,Yes,Yes,Two year,Yes,Mailed check,74.59,4177.04
Male,No,No,No,21,Yes,Yes,Fiber optic,Yes,Yes,No,No,No,Yes,One year,Yes,Bank transfer (automatic),83.59,1755.39
Female,No,Yes,No,56,No,No phone service,No,No internet service,No internet service,No internet service,No internet service,No internet service,No internet service,One year,Yes,Credit card (automatic),28.36,1588.16
Male,No,No,Yes,38,Yes,Yes,Fiber optic,No,No,No,No,No,No,One year,Yes,Bank transfer (automatic),98.11,3728.18
Male,No,Yes,Yes,24,Yes,Yes,No,No internet service,No internet service,No internet service,No internet service,No internet service,No internet service,One year,No,Credit card (automatic),30.42,730.08
Female,No,No,No,62,No,No phone service,No,No internet service,No internet service,No internet service,No internet service,No internet service,No internet service,Month-to-month,No,Electronic check,34.79,2156.98
Male,No,Yes,Yes,55,No,No phone service,No,No internet service,No internet service,No internet service,No internet service,No internet service,No internet service,Two year,No,Bank transfer (automatic),23.93,1316.15
Male,No,No,Yes,31,No,No phone service,DSL,No,Yes,Yes,No,No,Yes,Two year,Yes,Electronic check,47.71,1479.01
Male,Yes,No,No,10,Yes,No,DSL,No,No,No,No,No,No,Two year,Yes,Electronic check,72.62,726.2
Female,Yes,No,Yes,50,No,No phone service,DSL,Yes,No,Yes,Yes,Yes,No,Two year,No,Credit card (automatic),61.25,3062.5
Male,Yes,No,Yes,17,Yes,No,DSL,Yes,No,Yes,Yes,Yes,Yes,Month-to-month,No,Credit card (automatic),72.5,1232.5
Female,Yes,Yes,Yes,37,Yes,No,DSL,No,Yes,No,Yes,Yes,No,Month-to-month,Yes,Electronic check,59.26,2192.62
Female,Yes,Yes,Yes,27,Yes,No,No,No internet service,No internet service,No internet service,No internet service,No internet service,No internet service,One year,No,Credit card (automatic),26.84,724.68
Female,No,No,No,43,No,No phone service,DSL,No,No,No,Yes,No,No,Month-to-month,No,Credit card (automatic),75.31,3238.33
Male,Yes,Yes,No,31,No,No phone service,Fiber optic,No,No,Yes,Yes,No,Yes,Month-to-month,No,Credit card (automatic),101.69,3152.39
Male,No,No,Yes,44,No,No phone service,Fiber optic,Yes,No,No,Yes,Yes,Yes,Month-to-month,No,Credit card (automatic),76.39,3361.16
Male,No,Yes,No,69,Yes,Yes,DSL,Yes,Yes,Yes,No,Yes,Yes,One year,No,Bank transfer (automatic),81.45,5620.05
Male,No,No,Yes,17,No,No phone service,DSL,No,Yes,Yes,No,No,No,Two year,No,Mailed check,67.7,1150.9
Male,No,Yes,No,11,Yes,Yes,Fiber optic,Yes,Yes,No,Yes,No,No,Month-to-month,No,Electronic check,98.85,1087.35
Male,No,No,No,46,Yes,Yes,DSL,No,Yes,No,No,Yes,No,One year,No,Mailed check,76.86,3535.56
Female,Yes,Yes,No,39,Yes,No,No,No internet service,No internet service,No internet service,No internet service,No internet service,No internet service,Two year,Yes,Credit card (automatic),27.76,1082.64
Female,No,Yes,No,19,Yes,Yes,No,No internet service,No internet service,No internet service,No internet service,No internet service,No internet service,Month-to-month,No,Credit card (automatic),30.51,579.69
Female,Yes,Yes,No,43,No,No phone service,No,No internet service,No internet service,No internet service,No internet service,No internet service,No internet service,One year,No,Credit card (automatic),26.05,1120.15
Male,No,No,Yes,70,No,No phone service,DSL,Yes,No,Yes,No,No,Yes,One year,No,Bank transfer (automatic),63.86,4470.2
Male,Yes,Yes,Yes,1,No,No phone service,No,No internet service,No internet service,No internet service,No internet service,No internet service,No internet service,Month-to-month,Yes,Credit card (automatic),32.55,32.55
Female,Yes,Yes,Yes,45,No,No phone service,DSL,Yes,Yes,No,No,Yes,No,Month-to-month,Yes,Credit card (automatic),47.25,2126.25
Female,No,Yes,No,11,No,No phone service,No,No internet service,No internet service,No internet service,No internet service,No internet service,No internet service,Two year,No,Bank transfer (automatic),24.5,269.5
Male,Yes,Yes,Yes,15,No,No phone service,No,No internet service,No internet service,No internet service,No internet service,No internet service,No internet service,Two year,Yes,Electronic check,29.37,440.55
Female,No,Yes,Yes,49,No,No phone service,No,No internet service,No internet service,No internet service,No internet service,No internet service,No internet service,One year,Yes,Electronic check,29.95,1467.55
Female,Yes,Yes,No,2,No,No phone service,No,No internet service,No internet service,No internet service,No internet service,No internet service,No internet service,Two year,No,Electronic check,31.9,63.8
Male,Yes,Yes,Yes,23,Yes,No,Fiber optic,Yes,Yes,Yes,Yes,Yes,Yes,Month-to-month,Yes,Electronic check,98.12,2256.76
Female,No,Yes,No,0,Yes,No,DSL,No,No,Yes,No,No,No,Two year,Yes,Electronic check,65.31,0.0
Male,Yes,Yes,Yes,18,No,No phone service,DSL,Yes,Yes,No,No,Yes,No,One year,No,Credit card (automatic),38.72,696.96
Male,No,No,Yes,32,No,No phone service,No,No internet service,No internet service,No internet service,No internet service,No internet service,No internet service,Month-to-month,Yes,Bank transfer (automatic),20.44,654.08
Male,No,Yes,No,19,No,No phone service,Fiber optic,No,Yes,Yes,Yes,No,Yes,Two year,No,Electronic check,96.57,1834.83
Female,Yes,No,No,34,Yes,Yes,Fiber optic,Yes,Yes,No,Yes,No,Yes,Month-to-month,Yes,Bank transfer (automatic),109.14,3710.76
Female,Yes,No,No,70,No,No phone service,No,No internet service,No internet service,No internet service,No internet service,No internet service,No internet service,Month-to-month,Yes,Bank transfer (automatic),19.68,1377.6
Female,Yes,No,No,61,Yes,No,DSL,Yes,Yes,Yes,No,No,Yes,Two year,No,Mailed check,80.92,4936.12
Female,No,Yes,No,45,No,No phone service,No,No internet service,No internet service,No internet service,No internet service,No internet service,No internet service,One year,Yes,Bank transfer (automatic),22.88,1029.6
Male,No,No,No,11,Yes,Yes,No,No internet service,No internet service,No internet service,No internet service,No internet service,No internet service,Month-to-month,Yes,Electronic check,22.08,242.88
Male,No,No,Yes,54,Yes,No,Fiber optic,Yes,No,Yes,Yes,Yes,No,Two year,No,Mailed check,105.13,5677.02
Male,No,Yes,Yes,22,Yes,No,DSL,No,Yes,No,No,No,Yes,Month-to-month,No,Mailed check,53.66,1180.52
Male,No,No,No,37,No,No phone service,DSL,Yes,No,Yes,No,Yes,No,One year,Yes,Bank transfer (automatic),79.62,2945.94
Male,No,No,No,45,Yes,Yes,Fiber optic,Yes,No,No,Yes,Yes,No,Month-to-month,Yes,Credit card (automatic),94.6,4257.0
Male,No,Yes,Yes,32,Yes,No,Fiber optic,No,No,No,No,Yes,No,One year,No,Mailed check,75.43,2413.76
Male,No,No,Yes,45,Yes,Yes,DSL,No,Yes,Yes,No,No,No,Month-to-month,Yes,Credit card (automatic),80.05,3602.25
Female,Yes,No,No,70,No,No phone service,No,No internet service,No internet service,No internet service,No internet service,No internet service,No internet service,One year,No,Credit card (automatic),30.14,2109.8
Male,Yes,Yes,Yes,16,Yes,No,No,No internet service,No internet service,No internet service,No internet service,No internet service,No internet service,Two year,Yes,Electronic check,18.23,291.68
Female,No,Yes,No,61,No,No phone service,Fiber optic,No,Yes,No,Yes,Yes,Yes,Month-to-month,No,Mailed check,82.47,5030.67
Female,Yes,No,Yes,64,Yes,Yes,No,No internet service,No internet service,No internet service,No internet service,No internet service,No internet service,Month-to-month,Yes,Electronic check,28.69,1836.16
Male,No,Yes,No,24,Yes,No,DSL,Yes,Yes,Yes,No,No,No,Month-to-month,Yes,Bank transfer (automatic),70.01,1680.24
Female,No,Yes,No,6,No,No phone service,DSL,No,No,No,No,No,Yes,Month-to-month,Yes,Electronic check,50.99,305.94
Male,Yes,No,Yes,36,No,No phone service,Fiber optic,Yes,No,Yes,No,No,No,Month-to-month,Yes,Electronic check,86.71,3121.56
Male,No,No,No,67,No,No phone service,DSL,No,Yes,No,Yes,Yes,Yes,Two year,Yes,Electronic check,66.48,4454.16
Male,Yes,No,Yes,9,No,No phone service,Fiber optic,No,Yes,Yes,Yes,Yes,Yes,Two year,No,Bank transfer (automatic),90.91,818.19
Female,No,Yes,No,8,No,No phone service,Fiber optic,Yes,Yes,No,Yes,No,Yes,Month-to-month,Yes,Credit card (automatic),117.79,942.32
Female,Yes,Yes,No,65,No,No phone service,No,No internet service,No internet service,No internet service,No internet service,No internet service,No internet service,One year,No,Mailed check,31.25,2031.25
Male,Yes,Yes,Yes,1,No,No phone service,No,No internet service,No internet service,No internet service,No internet service,No internet service,No internet service,Two year,No,Bank transfer (automatic),30.03,30.03
Male,No,No,Yes,21,Yes,Yes,No,No internet service,No internet service,No internet service,No internet service,No internet service,No internet service,Month-to-month,Yes,Bank transfer (automatic),22.05,463.05
Male,No,Yes,Yes,26,Yes,Yes,No,No internet service,No internet service,No internet service,No internet service,No internet service,No internet service,Two year,No,Bank transfer (automatic),23.91,621.66
Male,No,Yes,No,37,No,No phone service,DSL,Yes,No,Yes,No,Yes,No,Two year,Yes,Credit card (automatic),83.58,3092.46
Female,Yes,No,Yes,41,No,No phone service,DSL,No,Yes,No,Yes,No,No,One year,Yes,Credit card (automatic),42.42,1739.22
Male,No,Yes,Yes,24,No,No phone service,No,No internet service,No internet service,No internet service,No internet service,No internet service,No internet service,One year,Yes,Bank transfer (automatic),21.07,505.68
Male,Yes,No,Yes,8,Yes,Yes,Fiber optic,Yes,No,No,Yes,Yes,Yes,One year,No,Electronic check,100.16,801.28
Male,Yes,Yes,Yes,31,Yes,No,DSL,Yes,Yes,Yes,No,Yes,Yes,Two year,No,Mailed check,41.96,1300.76
Female,No,No,Yes,31,Yes,No,No,No internet service,No internet service,No internet service,No internet service,No internet service,No internet service,Month-to-month,Yes,Electronic check,27.24,844.44
Female,Yes,No,Yes,0,Yes,Yes,DSL,No,No,Yes,No,No,Yes,Two year,No,Electronic check,81.08,0.0
Female,Yes,Yes,Yes,13,No,No phone service,Fiber optic,Yes,No,Yes,No,Yes,Yes,Month-to-month,No,Bank transfer (automatic),100.23,1302.99
Male,No,Yes,No,36,No,No phone service,DSL,No,No,No,No,Yes,Yes,Month-to-month,Yes,Bank transfer (automatic),78.09,2811.24
Male,No,No,No,8,Yes,No,No,No internet service,No internet service,No internet service,No internet service,No internet service,No internet service,Month-to-month,No,Mailed check,22.73,181.84
Male,No,No,No,63,No,No phone service,Fiber optic,No,No,Yes,Yes,No,No,Two year,No,Mailed check,97.47,6140.61
Female,Yes,No,Yes,11,Yes,No,DSL,Yes,Yes,No,No,Yes,Yes,One year,No,Mailed check,37.98,417.78
Female,No,Yes,No,31,Yes,Yes,DSL,Yes,Yes,Yes,No,Yes,No,Two year,Yes,Electronic check,53.58,1660.98
Female,Yes,Yes,Yes,46,Yes,Yes,DSL,Yes,Yes,No,Yes,Yes,No,Two year,No,Credit card (automatic),72.18,3320.28
Female,No,No,Yes,36,Yes,Yes,DSL,Yes,Yes,Yes,Yes,No,No,One year,No,Bank transfer (automatic),69.0,2484.0
Male,No,Yes,No,11,No,No phone service,DSL,Yes,No,Yes,Yes,No,Yes,Two year,Yes,Credit card (automatic),76.13,837.43
Female,No,No,No,21,Yes,No,No,No internet service,No internet service,No internet service,No internet service,No internet service,No internet service,One year,Yes,Electronic check,25.21,529.41
Male,No,No,Yes,30,No,No phone service,DSL,Yes,Yes,Yes,Yes,No,Yes,Two year,Yes,Mailed check,62.58,1877.4
Female,Yes,Yes,No,5,Yes,No,DSL,No,Yes,No,No,No,Yes,One year,No,Mailed check,50.72,253.6
Male,No,No,Yes,64,Yes,Yes,No,No internet service,No internet service,No internet service,No internet service,No internet service,No internet service,One year,Yes,Bank transfer (automatic),31.53,2017.92
Male,Yes,No,Yes,11,Yes,Yes,No,No internet service,No internet service,No internet service,No internet service,No internet service,No internet service,Two year,Yes,Bank transfer (automatic),29.12,320.32
Female,Yes,No,No,46,No,No phone service,DSL,No,Yes,Yes,Yes,Yes,No,Month-to-month,Yes,Bank transfer (automatic),39.87,1834.02
Male,No,Yes,No,40,Yes,No,DSL,Yes,No,No,No,Yes,Yes,One year,No,Credit card (automatic),43.96,1758.4
Female,No,Yes,Yes,72,No,No phone service,DSL,No,No,No,No,Yes,No,Two year,No,Bank transfer (automatic),53.34,3840.48
Male,No,No,No,5,Yes,Yes,No,No internet service,No internet service,No internet service,No internet service,No internet service,No internet service,Month-to-month,Yes,Electronic check,31.96,159.8
Female,No,Yes,No,9,Yes,No,Fiber optic,Yes,No,No,No,No,Yes,Two year,Yes,Credit card (automatic),74.29,668.61
Female,Yes,No,No,8,No,No phone service,Fiber optic,No,Yes,No,Yes,No,No,Month-to-month,No,Mailed check,71.91,575.28
Male,No,Yes,No,7,No,No phone service,Fiber optic,No,Yes,Yes,Yes,Yes,No,Two year,Yes,Electronic check,83.49,584.43
Male,Yes,No,No,10,No,No phone service,No,No internet service,No internet service,No internet service,No internet service,No internet service,No internet service,One year,Yes,Bank transfer (automatic),25.67,256.7
Male,Yes,Yes,No,43,No,No phone service,DSL,Yes,No,No,No,No,Yes,One year,No,Credit card (automatic),83.28,3581.04
Male,Yes,Yes,Yes,41,No,No phone service,DSL,Yes,No,Yes,No,No,Yes,Two year,No,Bank transfer (automatic),74.6,3058.6
Male,No,Yes,No,12,Yes,Yes,No,No internet service,No internet service,No internet service,No internet service,No internet service,No internet service,One year,Yes,Credit card (automatic),34.64,415.68
Male,No,Yes,Yes,1,No,No phone service,Fiber optic,Yes,No,No,Yes,No,No,One year,No,Credit card (automatic),90.7,90.7
Female,Yes,Yes,No,54,No,No phone service,DSL,Yes,No,No,No,No,No,Month-to-month,Yes,Electronic check,70.1,3785.4
Male,Yes,No,Yes,63,Yes,No,No,No internet service,No internet service,No internet service,No internet service,No internet service,No internet service,Month-to-month,No,Credit card (automatic),27.88,1756.44
Male,Yes,No,No,14,Yes,No,DSL,No,No,No,No,Yes,No,Two year,No,Bank transfer (automatic),74.11,1037.54
Female,No,No,Yes,0,No,No phone service,DSL,Yes,Yes,Yes,No,No,No,Two year,No,Mailed check,43.52,0.0
Female,Yes,No,Yes,54,Yes,No,No,No internet service,No internet service,No internet service,No internet service,No internet service,No internet service,One year,Yes,Credit card (automatic),20.95,1131.3
Male,Yes,Yes,Yes,50,No,No phone service,No,No internet service,No internet service,No internet service,No internet service,No internet service,No internet service,One year,Yes,Electronic check,20.7,1035.0
Male,Yes,No,Yes,19,Yes,Yes,No,No internet service,No internet service,No internet service,No internet service,No internet service,No internet service,Two year,Yes,Credit card (automatic),24.5,465.5
Female,Yes,Yes,Yes,38,Yes,Yes,No,No internet service,No internet service,No internet service,No internet service,No internet service,No internet service,One year,No,Electronic check,31.26,1187.88
Female,Yes,Yes,Yes,13,Yes,No,No,No internet service,No internet service,No internet service,No internet service,No internet service,No internet service,Month-to-month,No,Bank transfer (automatic),20.09,261.17
Male,Yes,Yes,No,46,Yes,No,DSL,No,Yes,No,Yes,No,Yes,One year,No,Bank transfer (automatic),45.51,2093.46
Female,Yes,Yes,No,1,Yes,Yes,DSL,No,No,No,Yes,Yes,No,Month-to-month,Yes,Electronic check,81.33,81.33
Male,Yes,No,Yes,27,Yes,No,DSL,Yes,Yes,Yes,No,No,No,Month-to-month,No,Bank transfer (automatic),44.96,1213.92
Female,No,No,No,24,No,No phone service,DSL,Yes,No,No,Yes,No,Yes,Two year,No,Credit card (automatic),74.7,1792.8
Female,No,No,No,13,No,No phone service,Fiber optic,Yes,No,No,Yes,No,Yes,Two year,No,Credit card (automatic),114.47,1488.11
Female,No,No,Yes,14,Yes,No,Fiber optic,Yes,No,Yes,Yes,Yes,No,One year,Yes,Electronic check,88.6,1240.4
Female,Yes,No,Yes,59,No,No phone service,DSL,Yes,No,No,Yes,Yes,Yes,Two year,Yes,Credit card (automatic),63.05,3719.95
Female,No,No,Yes,25,Yes,No,Fiber optic,Yes,No,No,Yes,Yes,No,One year,No,Mailed check,78.56,1964.0
Male,No,Yes,Yes,59,No,No phone service,DSL,No,Yes,Yes,No,Yes,Yes,One year,No,Bank transfer (automatic),58.49,3450.91
Female,No,No,Yes,71,No,No phone service,Fiber optic,Yes,No,No,No,No,Yes,Two year,Yes,Electronic check,112.15,7962.65
Male,Yes,Yes,Yes,13,No,No phone service,No,No internet service,No internet service,No internet service,No internet service,No internet service,No internet service,Month-to-month,Yes,Electronic check,30.31,394.03
Male,No,Yes,Yes,33,Yes,Yes,DSL,No,Yes,No,No,No,No,Month-to-month,No,Electronic check,69.93,2307.69
Male,No,Yes,No,57,Yes,Yes,No,No internet service,No internet service,No internet service,No internet service,No internet service,No internet service,One year,No,Bank transfer (automatic),26.12,1488.84
Female,Yes,Yes,No,37,Yes,No,No,No internet service,No internet service,No internet service,No internet service,No internet service,No internet service,Month-to-month,Yes,Electronic check,32.2,1191.4
Male,No,Yes,Yes,1,Yes,No,Fiber optic,Yes,No,Yes,No,Yes,No,One year,No,Mailed check,108.02,108.02
Male,Yes,Yes,No,49,No,No phone service,No,No internet service,No internet service,No internet service,No internet service,No internet service,No internet service,One year,Yes,Electronic check,26.73,1309.77
Female,No,Yes,No,13,Yes,No,DSL,Yes,Yes,Yes,No,Yes,No,Two year,No,Bank transfer (automatic),36.43,473.59
Female,Yes,Yes,No,55,Yes,Yes,Fiber optic,No,No,Yes,No,No,No,Two year,No,Credit card (automatic),74.89,4118.95
Male,No,Yes,No,22,No,No phone service,No,No internet service,No internet service,No internet service,No internet service,No internet service,No internet service,Two year,No,Electronic check,28.33,623.26
Male,Yes,Yes,Yes,14,Yes,Yes,No,No internet service,No internet service,No internet service,No internet service,No internet service,No internet service,Month-to-month,Yes,Bank transfer (automatic),22.53,315.42
Male,No,No,No,12,Yes,No,Fiber optic,Yes,Yes,Yes,No,No,No,Month-to-month,Yes,Credit card (automatic),106.69,1280.28
Female,Yes,Yes,No,8,Yes,Yes,Fiber optic,No,Yes,Yes,No,No,No,One year,Yes,Mailed check,71.04,568.32
Male,No,No,Yes,62,Yes,No,DSL,Yes,Yes,No,Yes,Yes,Yes,Month-to-month,No,Bank transfer (automatic),73.76,4573.12
Female,No,No,No,62,No,No phone service,Fiber optic,No,Yes,No,No,No,No,Two year,Yes,Mailed check,75.64,4689.68
Female,Yes,Yes,No,63,Yes,Yes,No,No internet service,No internet service,No internet service,No internet service,No internet service,No internet service,One year,No,Mailed check,30.6,1927.8
Male,Yes,No,Yes,35,No,No phone service,No,No internet service,No internet service,No internet service,No internet service,No internet service,No internet service,Two year,No,Bank transfer (automatic),20.97,733.95
Female,No,No,No,24,Yes,No,No,No internet service,No internet service,No internet service,No internet service,No internet service,No internet service,One year,No,Bank transfer (automatic),20.09,482.16
Male,Yes,No,Yes,59,Yes,No,No,No internet service,No internet service,No internet service,No internet service,No internet service,No internet service,Month-to-month,No,Credit card (automatic),27.49,1621.91
Female,Yes,No,Yes,58,Yes,Yes,Fiber optic,Yes,Yes,No,No,Yes,No,Month-to-month,Yes,Bank transfer (automatic),87.61,5081.38
Male,No,No,Yes,11,No,No phone service,DSL,Yes,No,Yes,No,Yes,Yes,One year,Yes,Credit card (automatic),58.66,645.26
Female,No,Yes,No,38,No,No phone service,DSL,No,No,Yes,Yes,No,Yes,Month-to-month,No,Bank transfer (automatic),55.82,2121.16
Male,No,No,Yes,48,No,No phone service,DSL,Yes,No,No,No,No,No,One year,No,Credit card (automatic),56.38,2706.24
Male,Yes,No,Yes,17,No,No phone service,DSL,No,Yes,No,Yes,No,Yes,Month-to-month,No,Credit card (automatic),55.15,937.55
Male,Yes,Yes,No,13,No,No phone service,No,No internet service,No internet service,No internet service,No internet service,No internet service,No internet service,One year,No,Bank transfer (automatic),19.66,255.58
Male,Yes,Yes,Yes,66,Yes,No,DSL,Yes,Yes,No,No,Yes,No,Month-to-month,Yes,Electronic check,66.18,4367.88
Male,Yes,Yes,Yes,31,Yes,Yes,Fiber optic,Yes,No,No,Yes,Yes,No,Month-to-month,Yes,Bank transfer (automatic),90.23,2797.13
Female,Yes,No,Yes,2,Yes,Yes,No,No internet service,No internet service,No internet service,No internet service,No internet service,No internet service,Month-to-month,Yes,Credit card (automatic),29.18,58.36
Female,No,No,Yes,63,No,No phone service,No,No internet service,No internet service,No internet service,No internet service,No internet service,No internet service,One year,Yes,Credit card (automatic),22.68,1428.84
Female,No,Yes,Yes,36,No,No phone service,DSL,No,Yes,No,Yes,No,Yes,One year,Yes,Credit card (automatic),80.41,2894.76
Female,No,Yes,Yes,45,Yes,No,No,No internet service,No internet service,No internet service,No internet service,No internet service,No internet service,Two year,Yes,Mailed check,26.93,1211.85
Male,No,No,No,17,No,No phone service,No,No internet service,No internet service,No internet service,No internet service,No internet service,No internet service,One year,Yes,Credit card (automatic),23.15,393.55
Female,No,Yes,No,16,No,No phone service,No,No internet service,No internet service,No internet service,No internet service,No internet service,No internet service,One year,No,Electronic check,34.24,547.84
Male,Yes,Yes,Yes,12,Yes,No,No,No internet service,No internet service,No internet service,No internet service,No internet service,No internet service,Month-to-month,Yes,Electronic check,26.1,313.2
Male,No,No,Yes,7,No,No phone service,DSL,Yes,Yes,No,No,Yes,Yes,Two year,No,Credit card (automatic),51.06,357.42
Male,Yes,Yes,No,62,No,No phone service,No,No internet service,No internet service,No internet service,No internet service,No internet service,No internet service,Month-to-month,Yes,Credit card (automatic),22.86,1417.32
Male,Yes,Yes,Yes,26,Yes,Yes,DSL,No,No,Yes,No,Yes,No,Month-to-month,No,Bank transfer (automatic),44.51,1157.26
Female,Yes,Yes,No,54,No,No phone service,DSL,Yes,Yes,No,Yes,Yes,No,Two year,No,Electronic check,46.53,2512.62
Male,No,No,No,45,Yes,Yes,Fiber optic,Yes,Yes,No,No,Yes,Yes,One year,Yes,Electronic check,99.14,4461.3
Female,No,No,Yes,42,Yes,Yes,DSL,No,Yes,Yes,No,Yes,Yes,Month-to-month,No,Electronic check,52.29,2196.18
Female,Yes,No,Yes,13,Yes,No,No,No internet service,No internet service,No internet service,No internet service,No internet service,No internet service,One year,No,Credit card (automatic),21.83,283.79
Female,Yes,Yes,Yes,3,Yes,No,No,No internet service,No internet service,No internet service,No internet service,No internet service,No internet service,Month-to-month,No,Electronic check,29.62,88.86
Female,No,Yes,No,54,Yes,Yes,Fiber optic,Yes,No,No,Yes,No,No,Month-to-month,Yes,Electronic check,115.9,6258.6
Male,Yes,No,Yes,1,Yes,Yes,DSL,Yes,Yes,No,Yes,No,Yes,Two year,Yes,Bank transfer (automatic),50.71,50.71
Male,No,No,Yes,9,Yes,No,No,No internet service,No internet service,No internet service,No internet service,No internet service,No internet service,Two year,No,Mailed check,21.5,193.5
Female,No,No,No,31,No,No phone service,Fiber optic,Yes,Yes,No,No,No,No,Month-to-month,Yes,Bank transfer (automatic),73.92,2291.52
Male,Yes,No,Yes,4,Yes,No,No,No internet service,No internet service,No internet service,No internet service,No internet service,No internet service,Month-to-month,Yes,Credit card (automatic),30.99,123.96
Male,No,No,No,38,Yes,Yes,Fiber optic,No,No,Yes,No,No,No,Month-to-month,No,Mailed check,72.22,2744.36
Female,Yes,No,Yes,69,No,No phone service,DSL,No,No,Yes,Yes,No,No,Two year,Yes,Electronic check,78.29,5402.01
Female,No,No,No,72,No,No phone service,DSL,No,No,Yes,Yes,Yes,No,One year,Yes,Mailed check,74.98,5398.56
Female,No,No,Yes,35,No,No phone service,Fiber optic,No,Yes,Yes,No,No,No,One year,No,Electronic check,112.38,3933.3
Female,Yes,No,Yes,45,No,No phone service,No,No internet service,No internet service,No internet service,No internet service,No internet service,No internet service,Month-to-month,No,Electronic check,32.35,1455.75
Male,No,No,Yes,56,Yes,No,Fiber optic,No,No,Yes,Yes,Yes,Yes,Two year,Yes,Mailed check,113.56,6359.36
Male,Yes,Yes,No,40,Yes,Yes,DSL,No,No,Yes,No,Yes,Yes,Month-to-month,No,Electronic check,52.49,2099.6
Male,Yes,Yes,No,47,No,No phone service,DSL,No,No,Yes,Yes,No,No,One year,No,Credit card (automatic),51.75,2432.25
Female,Yes,Yes,No,5,No,No phone service,DSL,Yes,Yes,Yes,No,No,Yes,Two year,Yes,Mailed check,53.94,269.7
Female,Yes,Yes,Yes,72,No,No phone service,No,No internet service,No internet service,No internet service,No internet service,No internet service,No internet service,Two year,Yes,Credit card (automatic),30.46,2193.12
Female,No,No,Yes,37,Yes,No,DSL,No,Yes,No,No,Yes,Yes,One year,No,Electronic check,57.25,2118.25
Female,Yes,No,No,29,No,No phone service,Fiber optic,Yes,Yes,Yes,No,Yes,No,One year,No,Electronic check,109.79,3183.91
Male,No,No,Yes,63,Yes,Yes,Fiber optic,Yes,Yes,Yes,No,No,No,Month-to-month,Yes,Credit card (automatic),107.14,6749.82
Male,Yes,Yes,Yes,65,No,No phone service,Fiber optic,No,Yes,No,Yes,No,Yes,One year,Yes,Electronic check,86.84,5644.6
Male,No,No,No,57,No,No phone service,Fiber optic,No,Yes,Yes,Yes,Yes,Yes,One year,No,Credit card (automatic),99.68,5681.76
Female,No,Yes,No,12,Yes,No,Fiber optic,No,Yes,No,No,No,No,Month-to-month,Yes,Electronic check,85.93,1031.16
Male,No,No,No,12,No,No phone service,Fiber optic,Yes,Yes,No,No,No,No,Month-to-month,No,Bank transfer (automatic),81.18,974.16
Male,Yes,No,Yes,12,Yes,Yes,DSL,Yes,Yes,Yes,No,Yes,No,Two year,No,Credit card (automatic),45.16,541.92
Male,No,No,Yes,15,No,No phone service,Fiber optic,No,No,Yes,Yes,No,Yes,Month-to-month,Yes,Electronic check,118.42,1776.3
Female,Yes,No,No,58,Yes,No,DSL,No,Yes,No,Yes,Yes,Yes,Two year,No,Mailed check,47.3,2743.4
Male,No,No,Yes,62,Yes,No,Fiber optic,Yes,Yes,Yes,Yes,Yes,No,Two year,Yes,Mailed check,73.36,4548.32
Male,No,No,No,30,No,No phone service,Fiber optic,Yes,No,Yes,No,No,No,One year,No,Credit card (automatic),109.84,3295.2
Female,Yes,Yes,Yes,36,No,No phone service,Fiber optic,No,Yes,No,Yes,Yes,No,Two year,Yes,Bank transfer (automatic),117.82,4241.52
Female,Yes,No,No,52,Yes,Yes,Fiber optic,No,Yes,No,Yes,No,No,One year,No,Credit card (automatic),103.75,5395.0
Female,No,No,Yes,34,No,No phone service,No,No internet service,No internet service,No internet service,No internet service,No internet service,No internet service,Two year,Yes,Bank transfer (automatic),21.72,738.48
Female,No,Yes,Yes,68,Yes,Yes,No,No internet service,No internet service,No internet service,No internet service,No internet service,No internet service,Month-to-month,Yes,Electronic check,28.38,1929.84
Female,Yes,No,No,70,Yes,Yes,No,No internet service,No internet service,No internet service,No internet service,No internet service,No internet service,Two year,Yes,Mailed check,21.58,1510.6
Female,Yes,No,Yes,47,No,No phone service,Fiber optic,Yes,Yes,Yes,Yes,Yes,Yes,One year,Yes,Mailed check,95.07,4468.29
Female,No,Yes,Yes,31,Yes,No,No,No internet service,No internet service,No internet service,No internet service,No internet service,No internet service,One year,No,Mailed check,20.1,623.1
Female,Yes,Yes,Yes,64,No,No phone service,DSL,Yes,Yes,Yes,No,Yes,No,One year,Yes,Bank transfer (automatic),74.24,4751.36
Female,No,Yes,Yes,33,No,No phone service,Fiber optic,No,No,Yes,Yes,No,No,Two year,Yes,Credit card (automatic),94.17,3107.61
Male,No,No,No,69,Yes,No,DSL,Yes,No,Yes,No,No,No,Two year,No,Bank transfer (automatic),63.16,4358.04
Male,Yes,Yes,Yes,26,No,No phone service,No,No internet service,No internet service,No internet service,No internet service,No internet service,No internet service,Month-to-month,No,Credit card (automatic),22.25,578.5
Male,Yes,No,No,52,No,No phone service,No,No internet service,No internet service,No internet service,No internet service,No internet service,No internet service,Month-to-month,Yes,Bank transfer (automatic),23.74,1234.48
Female,Yes,No,Yes,71,No,No phone service,No,No internet service,No internet service,No internet service,No internet service,No internet service,No internet service,Two year,Yes,Bank transfer (automatic),26.5,1881.5
Female,No,Yes,Yes,54,Yes,No,DSL,Yes,Yes,Yes,Yes,Yes,No,Month-to-month,Yes,Credit card (automatic),78.49,4238.46
Female,Yes,No,Yes,70,No,No phone service,Fiber optic,Yes,No,Yes,No,No,No,Two year,No,Mailed check,96.12,6728.4
Male,No,Yes,No,66,No,No phone service,Fiber optic,No,Yes,No,Yes,Yes,No,One year,Yes,Mailed check,70.49,4652.34
Female,Yes,Yes,No,24,Yes,Yes,No,No internet service,No internet service,No internet service,No internet service,No internet service,No internet service,Month-to-month,Yes,Credit card (automatic),25.8,619.2
Male,Yes,No,Yes,44,Yes,Yes,Fiber optic,No,No,No,No,No,No,Two year,Yes,Electronic check,98.06,4314.64
Male,Yes,Yes,No,22,No,No phone service,No,No internet service,No internet service,No internet service,No internet service,No internet service,No internet service,Two year,No,Bank transfer (automatic),19.74,434.28
Female,No,Yes,Yes,0,Yes,Yes,DSL,Yes,Yes,Yes,No,Yes,No,Month-to-month,Yes,Credit card (automatic),38.89,0.0
Female,No,No,No,64,Yes,Yes,No,No internet service,No internet service,No internet service,No internet service,No internet service,No internet service,One year,No,Bank transfer (automatic),24.69,1580.16
Female,No,Yes,Yes,21,No,No phone service,No,No internet service,No internet service,No internet service,No internet service,No internet service,No internet service,One year,No,Credit card (automatic),20.43,429.03
Female,Yes,No,No,22,Yes,No,Fiber optic,No,No,Yes,Yes,No,No,Two year,Yes,Mailed check,78.95,1736.9
Female,No,Yes,Yes,39,No,No phone service,DSL,No,No,Yes,No,Yes,No,One year,Yes,Bank transfer (automatic),67.08,2616.12
Female,Yes,Yes,No,58,No,No phone service,DSL,No,Yes,Yes,No,Yes,Yes,Month-to-month,Yes,Electronic check,70.28,4076.24
Female,Yes,Yes,No,7,No,No phone service,DSL,No,Yes,Yes,No,No,Yes,Two year,No,Electronic check,80.29,562.03
Female,No,Yes,Yes,24,Yes,No,DSL,Yes,No,Yes,No,Yes,No,Two year,Yes,Bank transfer (automatic),43.65,1047.6
Female,No,Yes,No,59,Yes,No,DSL,Yes,Yes,Yes,Yes,Yes,No,Month-to-month,Yes,Electronic check,64.56,3809.04
Male,No,No,Yes,31,No,No phone service,No,No internet service,No internet service,No internet service,No internet service,No internet service,No internet service,Month-to-month,Yes,Bank transfer (automatic),28.92,896.52
Male,No,No,Yes,35,Yes,No,Fiber optic,Yes,Yes,No,Yes,Yes,No,One year,No,Electronic check,82.97,2903.95
Female,No,No,No,66,No,No phone service,No,No internet service,No internet service,No internet service,No internet service,No internet service,No internet service,Month-to-month,Yes,Credit card (automatic),29.68,1958.88
Male,Yes,No,No,36,Yes,No,No,No internet service,No internet service,No internet service,No internet service,No internet service,No internet service,Two year,No,Electronic check,34.46,1240.56
Male,No,Yes,No,33,Yes,Yes,No,No internet service,No internet service,No internet service,No internet service,No internet service,No internet service,Month-to-month,No,Mailed check,29.19,963.27
Female,No,No,No,4,No,No phone service,No,No internet service,No internet service,No internet service,No internet service,No internet service,No internet service,One year,Yes,Mailed check,19.78,79.12
Female,No,No,No,12,Yes,No,Fiber optic,Yes,No,Yes,Yes,No,No,Two year,No,Credit card (automatic),99.68,1196.16
Female,Yes,No,No,43,No,No phone service,No,No internet service,No internet service,No internet service,No internet service,No internet service,No internet service,Month-to-month,Yes,Electronic check,24.82,1067.26
Female,No,No,No,3,Yes,Yes,Fiber optic,Yes,Yes,Yes,No,Yes,Yes,Month-to-month,No,Credit card (automatic),85.46,256.38
Female,Yes,No,Yes,18,Yes,Yes,Fiber optic,No,Yes,Yes,Yes,Yes,No,Month-to-month,Yes,Bank transfer (automatic),74.51,1341.18
Male,No,Yes,No,12,No,No phone service,No,No internet service,No internet service,No internet service,No internet service,No internet service,No internet service,Two year,Yes,Credit card (automatic),29.68,356.16
Female,No,Yes,Yes,49,Yes,No,DSL,No,No,No,No,No,Yes,Two year,Yes,Mailed check,52.34,2564.66
Male,Yes,No,No,43,Yes,No,DSL,Yes,Yes,No,Yes,Yes,Yes,Month-to-month,No,Credit card (automatic),50.1,2154.3
Male,No,Yes,No,39,No,No phone service,No,No internet service,No internet service,No internet service,No internet service,No internet service,No internet service,Month-to-month,No,Credit card (automatic),31.96,1246.44
Male,Yes,No,Yes,59,Yes,No,No,No internet service,No internet service,No internet service,No internet service,No internet service,No internet service,Two year,No,Electronic check,30.46,1797.14
Male,No,Yes,No,58,Yes,No,No,No internet service,No internet service,No internet service,No internet service,No internet service,No internet service,One year,No,Electronic check,34.32,1990.56
Female,No,No,Yes,57,No,No phone service,Fiber optic,No,No,Yes,Yes,No,No,Month-to-month,Yes,Electronic check,113.52,6470.64
Female,No,Yes,No,55,Yes,No,Fiber optic,Yes,Yes,No,No,No,Yes,Two year,No,Bank transfer (automatic),114.46,6295.3
Female,No,No,Yes,69,No,No phone service,DSL,No,No,No,Yes,No,No,Month-to-month,Yes,Bank transfer (automatic),49.88,3441.72
Male,No,Yes,Yes,10,Yes,Yes,No,No internet service,No internet service,No internet service,No internet service,No internet service,No internet service,One year,No,Bank transfer (automatic),20.46,204.6
Female,No,Yes,No,5,Yes,No,Fiber optic,Yes,Yes,Yes,No,Yes,No,Two year,No,Credit card (automatic),116.37,581.85
Female,Yes,Yes,No,10,No,No phone service,DSL,Yes,No,No,Yes,Yes,No,Month-to-month,No,Bank transfer (automatic),63.67,636.7
Male,No,Yes,No,23,No,No phone service,Fiber optic,Yes,No,Yes,Yes,No,Yes,One year,No,Electronic check,83.74,1926.02
Male,Yes,Yes,No,28,Yes,No,No,No internet service,No internet service,No internet service,No internet service,No internet service,No internet service,One year,No,Bank transfer (automatic),30.1,842.8
Female,No,Yes,No,43,No,No phone service,Fiber optic,No,Yes,No,No,Yes,Yes,One year,No,Electronic check,103.65,4456.95
Male,No,No,Yes,26,No,No phone service,Fiber optic,No,No,No,No,Yes,Yes,Month-to-month,No,Credit card (automatic),101.24,2632.24
Female,Yes,No,No,30,No,No phone service,No,No internet service,No internet service,No internet service,No internet service,No internet service,No internet service,Two year,Yes,Electronic check,20.24,607.2
Female,Yes,Yes,Yes,37,Yes,Yes,No,No internet service,No internet service,No internet service,No internet service,No internet service,No internet service,Two year,No,Bank transfer (automatic),34.64,1281.68
Male,No,No,No,46,Yes,No,No,No internet service,No internet service,No internet service,No internet service,No internet service,No internet service,One year,Yes,Credit card (automatic),27.11,1247.06
Female,No,No,No,20,Yes,No,Fiber optic,Yes,No,No,Yes,Yes,No,One year,No,Credit card (automatic),99.01,1980.2
Male,Yes,Yes,Yes,64,Yes,No,DSL,No,Yes,Yes,No,Yes,No,Two year,No,Mailed check,36.14,2312.96
Male,No,No,Yes,22,No,No phone service,No,No internet service,No internet service,No internet service,No internet service,No internet service,No internet service,One year,Yes,Bank transfer (automatic),33.66,740.52
Male,Yes,Yes,No,58,Yes,No,DSL,Yes,No,Yes,No,Yes,Yes,Month-to-month,Yes,Electronic check,58.11,3370.38
Female,No,No,Yes,53,No,No phone service,No,No internet service,No internet service,No internet service,No internet service,No internet service,No internet service,Two year,Yes,Credit card (automatic),27.13,1437.89
Female,Yes,No,No,5,No,No phone service,Fiber optic,No,No,Yes,Yes,Yes,No,Two year,Yes,Mailed check,107.9,539.5
Female,No,No,Yes,31,No,No phone service,DSL,No,Yes,No,Yes,No,No,One year,No,Bank transfer (automatic),72.63,2251.53
Female,No,No,No,72,No,No phone service,No,No internet service,No internet service,No internet service,No internet service,No internet service,No internet service,Month-to-month,Yes,Bank transfer (automatic),18.61,1339.92
Male,Yes,No,No,37,No,No phone service,No,No internet service,No internet service,No internet service,No internet service,No internet service,No internet service,Two year,No,Credit card (automatic),20.69,765.53
Female,No,Yes,Yes,18,No,No phone service,Fiber optic,No,Yes,Yes,Yes,No,Yes,One year,No,Credit card (automatic),99.21,1785.78
Female,Yes,No,Yes,64,No,No phone service,No,No internet service,No internet service,No internet service,No internet service,No internet service,No internet service,One year,Yes,Credit card (automatic),24.36,1559.04
Male,No,No,Yes,8,No,No phone service,DSL,No,Yes,Yes,Yes,No,Yes,One year,No,Credit card (automatic),67.5,540.0
Male,Yes,Yes,No,4,No,No phone service,No,No internet service,No internet service,No internet service,No internet service,No internet service,No internet service,One year,Yes,Bank transfer (automatic),19.68,78.72
Male,Yes,No,Yes,31,No,No phone service,No,No internet service,No internet service,No internet service,No internet service,No internet service,No internet service,Two year,Yes,Mailed check,21.11,654.41
Female,Yes,Yes,No,70,No,No phone service,DSL,Yes,Yes,Yes,No,Yes,Yes,Two year,No,Credit card (automatic),46.38,3246.6
Male,Yes,No,Yes,25,No,No phone service,DSL,No,Yes,No,Yes,Yes,Yes,One year,Yes,Credit card (automatic),64.91,1622.75
Male,No,Yes,No,0,No,No phone service,Fiber optic,No,No,Yes,No,No,No,One year,No,Mailed check,117.57,0.0
Female,No,No,No,14,Yes,No,DSL,No,No,No,Yes,Yes,Yes,Two year,No,Electronic check,73.02,1022.28
Female,No,Yes,Yes,13,Yes,Yes,Fiber optic,No,No,No,Yes,No,Yes,Month-to-month,No,Mailed check,98.55,1281.15
Male,No,Yes,Yes,20,No,No phone service,No,No internet service,No internet service,No internet service,No internet service,No internet service,No internet service,Two year,No,Bank transfer (automatic),34.68,693.6
Male,No,No,No,47,Yes,No,Fiber optic,No,No,No,No,No,No,Month-to-month,No,Electronic check,108.13,5082.11
Female,No,Yes,No,35,Yes,Yes,DSL,No,No,No,Yes,No,No,One year,Yes,Mailed check,74.55,2609.25
Female,No,Yes,Yes,31,Yes,No,No,No internet service,No internet service,No internet service,No internet service,No internet service,No internet service,Two year,No,Electronic check,26.15,810.65
Female,No,Yes,No,48,Yes,Yes,DSL,No,No,No,No,No,Yes,Two year,Yes,Bank transfer (automatic),58.59,2812.32
Female,Yes,Yes,No,25,Yes,No,DSL,No,No,No,Yes,Yes,Yes,Two year,No,Bank transfer (automatic),78.54,1963.5
Female,Yes,Yes,No,59,Yes,No,Fiber optic,No,Yes,No,No,Yes,Yes,One year,No,Credit card (automatic),75.96,4481.64
Female,Yes,Yes,No,2,No,No phone service,DSL,No,No,No,No,Yes,Yes,Two year,Yes,Mailed check,63.27,126.54
Male,No,Yes,Yes,55,No,No phone service,Fiber optic,No,Yes,No,Yes,Yes,No,Two year,No,Electronic check,92.7,5098.5
Female,No,Yes,No,2,Yes,Yes,Fiber optic,No,Yes,No,Yes,No,No,Month-to-month,No,Mailed check,102.68,205.36
Male,Yes,Yes,No,23,Yes,Yes,No,No internet service,No internet service,No internet service,No internet service,No internet service,No internet service,Month-to-month,Yes,Bank transfer (automatic),28.23,649.29
Male,No,No,Yes,26,Yes,No,DSL,No,No,Yes,Yes,No,Yes,One year,Yes,Credit card (automatic),41.87,1088.62
Male,No,Yes,No,6,No,No phone service,Fiber optic,No,Yes,Yes,No,Yes,Yes,Two year,Yes,Mailed check,118.46,710.76
Male,Yes,No,No,40,No,No phone service,DSL,Yes,Yes,No,No,No,Yes,Month-to-month,Yes,Credit card (automatic),82.24,3289.6
Female,No,Yes,No,46,No,No phone service,DSL,No,No,Yes,Yes,No,No,One year,No,Electronic check,35.79,1646.34
Male,Yes,Yes,Yes,16,Yes,Yes,No,No internet service,No internet service,No internet service,No internet service,No internet service,No internet service,Month-to-month,Yes,Mailed check,25.99,415.84
Female,No,No,Yes,53,Yes,Yes,No,No internet service,No internet service,No internet service,No internet service,No internet service,No internet service,Two year,Yes,Bank transfer (automatic),34.41,1823.73
Male,Yes,Yes,No,26,No,No phone service,Fiber optic,No,No,No,Yes,Yes,No,One year,Yes,Mailed check,71.42,1856.92
Female,Yes,No,Yes,20,Yes,Yes,Fiber optic,Yes,Yes,No,Yes,Yes,No,One year,No,Mailed check,93.22,1864.4
Male,No,No,No,32,Yes,No,No,No internet service,No internet service,No internet service,No internet service,No internet service,No internet service,Two year,Yes,Credit card (automatic),27.18,869.76
Female,Yes,Yes,Yes,65,Yes,Yes,DSL,Yes,Yes,No,No,Yes,Yes,Month-to-month,No,Bank transfer (automatic),46.31,3010.15
Female,No,Yes,No,54,No,No phone service,No,No internet service,No internet service,No internet service,No internet service,No internet service,No internet service,Two year,Yes,Credit card (automatic),20.47,1105.38
Male,Yes,Yes,Yes,18,Yes,Yes,DSL,No,No,Yes,No,No,No,Two year,No,Credit card (automatic),44.39,799.02
Male,No,No,No,15,No,No phone service,No,No internet service,No internet service,No internet service,No internet service,No internet service,No internet service,One year,No,Mailed check,31.06,465.9
Female,No,No,No,12,No,No phone service,No,No internet service,No internet service,No internet service,No internet service,No internet service,No internet service,One year,No,Electronic check,22.47,269.64
Male,Yes,Yes,No,14,Yes,No,DSL,No,No,No,No,Yes,Yes,Two year,Yes,Mailed check,54.88,768.32
Male,Yes,Yes,No,67,Yes,Yes,No,No internet service,No internet service,No internet service,No internet service,No internet service,No internet service,Month-to-month,Yes,Bank transfer (automatic),24.17,1619.39
Male,Yes,Yes,Yes,19,No,No phone service,DSL,No,Yes,No,No,No,No,One year,No,Mailed check,79.69,1514.11
Female,Yes,Yes,No,71,No,No phone service,DSL,Yes,Yes,No,Yes,Yes,No,Month-to-month,No,Mailed check,76.12,5404.52
Female,No,Yes,Yes,44,Yes,Yes,Fiber optic,Yes,No,Yes,Yes,Yes,No,One year,No,Electronic check,77.12,3393.28
Male,No,Yes,No,29,No,No phone service,Fiber optic,Yes,No,Yes,Yes,No,No,Month-to-month,No,Bank transfer (automatic),117.47,3406.63
Male,No,No,Yes,62,No,No phone service,DSL,Yes,Yes,No,Yes,No,No,Two year,Yes,Bank transfer (automatic),56.08,3476.96
Female,No,No,No,32,No,No phone service,DSL,Yes,Yes,No,Yes,No,Yes,Two year,No,Electronic check,64.55,2065.6
Female,No,No,Yes,13,Yes,Yes,DSL,Yes,No,No,No,Yes,No,One year,No,Electronic check,67.35,875.55
Female,No,Yes,Yes,72,Yes,Yes,No,No internet service,No internet service,No internet service,No internet service,No internet service,No internet service,Month-to-month,No,Credit card (automatic),34.08,2453.76
Male,No,No,No,44,No,No phone service,DSL,No,No,Yes,No,No,No,Month-to-month,Yes,Bank transfer (automatic),73.43,3230.92
Female,No,Yes,No,11,No,No phone service,Fiber optic,Yes,No,No,Yes,Yes,No,One year,Yes,Credit card (automatic),85.65,942.15
Male,No,No,No,43,No,No phone service,Fiber optic,Yes,Yes,No,Yes,Yes,Yes,Two year,No,Mailed check,99.09,4260.87
Female,Yes,Yes,Yes,11,No,No phone service,Fiber optic,Yes,No,No,No,Yes,No,Two year,No,Electronic check,75.18,826.98
Female,Yes,No,Yes,31,Yes,No,DSL,No,Yes,Yes,Yes,Yes,No,Month-to-month,Yes,Electronic check,67.39,2089.09
Female,Yes,Yes,No,56,No,No phone service,No,No internet service,No internet service,No internet service,No internet service,No internet service,No internet service,Two year,Yes,Credit card (automatic),27.37,1532.72
Male,No,No,No,46,No,No phone service,Fiber optic,No,No,Yes,No,No,Yes,Month-to-month,No,Mailed check,117.9,5423.4
Male,Yes,No,No,13,Yes,No,No,No internet service,No internet service,No internet service,No internet service,No internet service,No internet service,Two year,Yes,Credit card (automatic),29.94,389.22
Female,Yes,No,No,63,No,No phone service,DSL,Yes,Yes,No,Yes,No,No,Month-to-month,Yes,Bank transfer (automatic),78.38,4937.94
Male,No,No,Yes,62,No,No phone service,No,No internet service,No internet service,No internet service,No internet service,No internet service,No internet service,Month-to-month,No,Mailed check,30.99,1921.38
Female,No,No,No,29,No,No phone service,DSL,No,Yes,Yes,No,Yes,Yes,Two year,No,Mailed check,65.69,1905.01
Male,Yes,Yes,Yes,3,No,No phone service,No,No internet service,No internet service,No internet service,No internet service,No internet service,No internet service,Month-to-month,Yes,Credit card (automatic),20.03,60.09
Female,No,No,No,17,No,No phone service,DSL,Yes,No,No,Yes,No,No,Month-to-month,No,Credit card (automatic),59.98,1019.66
Male,Yes,No,Yes,43,No,No phone service,DSL,No,Yes,Yes,Yes,No,Yes,Two year,Yes,Electronic check,43.43,1867.49
Female,No,No,Yes,72,No,No phone service,DSL,Yes,Yes,No,Yes,Yes,No,Two year,Yes,Bank transfer (automatic),39.85,2869.2
Male,No,Yes,Yes,56,Yes,Yes,No,No internet service,No internet service,No internet service,No internet service,No internet service,No internet service,Month-to-month,No,Bank transfer (automatic),33.1,1853.6
Male,No,Yes,Yes,12,No,No phone service,DSL,Yes,No,No,No,No,Yes,Month-to-month,No,Mailed check,68.44,821.28
Female,Yes,Yes,No,24,No,No phone service,DSL,No,Yes,No,Yes,Yes,No,Two year,No,Mailed check,80.59,1934.16
Female,No,Yes,No,25,No,No phone service,No,No internet service,No internet service,No internet service,No internet service,No internet service,No internet service,One year,No,Electronic check,25.25,631.25
Female,Yes,No,Yes,41,No,No phone service,No,No internet service,No internet service,No internet service,No internet service,No internet service,No internet service,One year,No,Electronic check,24.61,1009.01
Male,Yes,Yes,No,69,Yes,No,No,No internet service,No internet service,No internet service,No internet service,No internet service,No internet service,Month-to-month,Yes,Bank transfer (automatic),18.82,1298.58
Female,Yes,No,Yes,55,Yes,No,No,No internet service,No internet service,No internet service,No internet service,No internet service,No internet service,Month-to-month,Yes,Credit card (automatic),29.89,1643.95
Male,Yes,No,Yes,26,No,No phone service,DSL,Yes,Yes,No,Yes,Yes,No,Month-to-month,No,Mailed check,35.24,916.24
Female,Yes,No,No,5,Yes,Yes,No,No internet service,No internet service,No internet service,No internet service,No internet service,No internet service,Two year,No,Credit card (automatic),22.18,110.9
Female,Yes,No,No,1,No,No phone service,Fiber optic,No,No,Yes,No,No,Yes,One year,Yes,Credit card (automatic),101.33,101.33
Male,Yes,Yes,Yes,14,Yes,No,DSL,Yes,No,Yes,No,No,No,One year,No,Electronic check,61.81,865.34
Male,No,Yes,Yes,71,No,No phone service,DSL,Yes,Yes,No,No,Yes,Yes,One year,Yes,Electronic check,46.43,3296.53
Male,Yes,No,No,56,Yes,No,No,No internet service,No internet service,No internet service,No internet service,No internet service,No internet service,Two year,Yes,Mailed check,31.08,1740.48
Female,Yes,Yes,Yes,43,No,No phone service,DSL,No,No,Yes,Yes,No,No,One year,Yes,Mailed check,42.65,1833.95
Male,Yes,No,No,3,No,No phone service,DSL,Yes,No,Yes,Yes,No,Yes,Month-to-month,No,Electronic check,40.57,121.71
Male,No,No,Yes,18,Yes,Yes,DSL,No,Yes,Yes,No,Yes,Yes,Month-to-month,Yes,Electronic check,73.11,1315.98
Female,No,No,No,57,Yes,No,No,No internet service,No internet service,No internet service,No internet service,No internet service,No internet service,Two year,No,Credit card (automatic),22.25,1268.25
Male,No,No,Yes,18,No,No phone service,No,No internet service,No internet service,No internet service,No internet service,No internet service,No internet service,One year,No,Mailed check,30.43,547.74
Female,Yes,No,No,18,Yes,No,Fiber optic,Yes,No,Yes,No,Yes,No,One year,No,Credit card (automatic),91.06,1639.08
Female,No,No,No,43,No,No phone service,No,No internet service,No internet service,No internet service,No internet service,No internet service,No internet service,Two year,Yes,Mailed check,24.78,1065.54
Male,Yes,Yes,No,59,No,No phone service,Fiber optic,No,Yes,No,Yes,No,Yes,One year,No,Credit card (automatic),97.14,5731.26
Male,Yes,Yes,No,70,Yes,No,No,No internet service,No internet service,No internet service,No internet service,No internet service,No internet service,One year,Yes,Mailed check,25.34,1773.8
Female,Yes,No,Yes,51,Yes,Yes,Fiber optic,No,No,Yes,Yes,No,No,Two year,Yes,Electronic check,100.52,5126.52
Male,Yes,Yes,Yes,6,No,No phone service,DSL,No,No,Yes,Yes,Yes,No,One year,No,Credit card (automatic),77.03,462.18
Female,No,Yes,No,38,Yes,Yes,DSL,Yes,No,Yes,No,Yes,No,One year,Yes,Electronic check,69.99,2659.62
Male,No,Yes,Yes,17,No,No phone service,Fiber optic,No,No,Yes,Yes,No,No,Month-to-month,No,Electronic check,99.24,1687.08
Female,No,No,Yes,47,Yes,Yes,DSL,No,No,Yes,Yes,Yes,No,Month-to-month,No,Credit card (automatic),49.62,2332.14
Male,No,Yes,No,32,Yes,No,No,No internet service,No internet service,No internet service,No internet service,No internet service,No internet service,Month-to-month,No,Bank transfer (automatic),33.37,1067.84
Male,Yes,Yes,No,33,No,No phone service,Fiber optic,No,Yes,No,No,Yes,No,Month-to-month,Yes,Electronic check,97.56,3219.48
Female,No,Yes,No,48,No,No phone service,DSL,No,No,No,No,No,No,Month-to-month,No,Bank transfer (automatic),70.36,3377.28
Male,No,No,No,10,No,No phone service,No,No internet service,No internet service,No internet service,No internet service,No internet service,No internet service,Two year,No,Electronic check,19.44,194.4
Male,Yes,Yes,Yes,9,Yes,No,DSL,Yes,Yes,Yes,Yes,Yes,Yes,One year,Yes,Mailed check,71.83,646.47
Female,No,Yes,Yes,7,Yes,Yes,No,No internet service,No internet service,No internet service,No internet service,No internet service,No internet service,Month-to-month,Yes,Electronic check,33.75,236.25
Male,No,Yes,Yes,6,Yes,No,Fiber optic,Yes,No,Yes,No,Yes,No,Two year,Yes,Credit card (automatic),84.4,506.4
Male,Yes,Yes,Yes,25,No,No phone service,DSL,Yes,Yes,Yes,Yes,Yes,No,Month-to-month,Yes,Credit card (automatic),72.81,1820.25
Female,No,No,Yes,54,No,No phone service,Fiber optic,Yes,Yes,No,No,Yes,Yes,One year,No,Electronic check,73.08,3946.32
Female,Yes,No,Yes,11,No,No phone service,No,No internet service,No internet service,No internet service,No internet service,No internet service,No internet service,One year,Yes,Bank transfer (automatic),31.11,342.21
Female,No,No,No,47,No,No phone service,Fiber optic,No,No,Yes,Yes,Yes,Yes,One year,No,Credit card (automatic),104.54,4913.38
Female,No,No,No,57,Yes,Yes,No,No internet service,No internet service,No internet service,No internet service,No internet service,No internet service,One year,Yes,Mailed check,30.76,1753.32
Female,No,Yes,No,46,Yes,No,No,No internet service,No internet service,No internet service,No internet service,No internet service,No internet service,Month-to-month,Yes,Mailed check,33.39,1535.94
Male,Yes,No,No,19,No,No phone service,Fiber optic,Yes,Yes,No,No,Yes,No,Two year,No,Mailed check,111.49,2118.31
Male,No,No,No,55,Yes,No,No,No internet service,No internet service,No internet service,No internet service,No internet service,No internet service,Month-to-month,Yes,Bank transfer (automatic),19.02,1046.1
Female,No,Yes,Yes,66,No,No phone service,DSL,No,No,Yes,No,Yes,No,Two year,No,Electronic check,66.52,4390.32
Male,No,No,No,16,No,No phone service,No,No internet service,No internet service,No internet service,No internet service,No internet service,No internet service,Month-to-month,Yes,Credit card (automatic),34.5,552.0
Female,No,Yes,Yes,41,Yes,No,No,No internet service,No internet service,No internet service,No internet service,No internet service,No internet service,One year,No,Bank transfer (automatic),33.57,1376.37
Female,Yes,Yes,No,29,Yes,Yes,Fiber optic,No,Yes,No,Yes,No,Yes,Month-to-month,No,Credit card (automatic),101.18,2934.22
Female,Yes,No,No,24,No,No phone service,No,No internet service,No internet service,No internet service,No internet service,No internet service,No internet service,Month-to-month,No,Mailed check,20.43,490.32
Male,Yes,No,No,61,Yes,No,Fiber optic,No,No,Yes,Yes,Yes,No,Two year,Yes,Bank transfer (automatic),106.67,6506.87
Male,No,No,Yes,38,No,No phone service,DSL,Yes,No,Yes,Yes,No,Yes,Month-to-month,No,Credit card (automatic),53.43,2030.34
Male,No,No,Yes,35,No,No phone service,Fiber optic,Yes,No,No,Yes,Yes,No,Month-to-month,Yes,Bank transfer (automatic),117.81,4123.35
Female,No,Yes,No,48,Yes,No,No,No internet service,No internet service,No internet service,No internet service,No internet service,No internet service,Month-to-month,No,Electronic check,23.51,1128.48
Female,No,Yes,Yes,16,No,No phone service,DSL,Yes,Yes,Yes,Yes,Yes,Yes,One year,No,Bank transfer (automatic),39.59,633.44
Male,No,No,Yes,63,No,No phone service,No,No internet service,No internet service,No internet service,No internet service,No internet service,No internet service,One year,No,Mailed check,19.06,1200.78
Male,Yes,No,Yes,14,No,No phone service,DSL,Yes,Yes,Yes,Yes,Yes,No,Month-to-month,Yes,Mailed check,37.12,519.68
Male,No,No,No,50,Yes,No,Fiber optic,Yes,No,Yes,Yes,Yes,Yes,Two year,No,Electronic check,80.44,4022.0
Female,Yes,No,Yes,50,Yes,Yes,No,No internet service,No internet service,No internet service,No internet service,No internet service,No internet service,Two year,No,Bank transfer (automatic),18.12,906.0
Female,No,Yes,Yes,32,No,No phone service,DSL,No,No,No,Yes,No,No,Two year,No,Mailed check,36.44,1166.08
Male,Yes,Yes,No,13,Yes,Yes,No,No internet service,No internet service,No internet service,No internet service,No internet service,No internet service,One year,Yes,Bank transfer (automatic),30.51,396.63
Female,No,Yes,Yes,72,No,No phone service,DSL,Yes,No,Yes,Yes,Yes,No,Two year,No,Bank transfer (automatic),45.32,3263.04
Female,No,Yes,No,61,No,No phone service,No,No internet service,No internet service,No internet service,No internet service,No internet service,No internet service,Month-to-month,Yes,Electronic check,32.58,1987.38
Male,Yes,Yes,Yes,35,Yes,No,Fiber optic,No,Yes,Yes,Yes,No,Yes,One year,No,Electronic check,102.29,3580.15
Female,No,Yes,No,4,Yes,No,DSL,No,No,Yes,Yes,Yes,No,Month-to-month,Yes,Mailed check,43.73,174.92
Female,No,No,Yes,72,No,No phone service,DSL,Yes,Yes,Yes,No,No,Yes,One year,No,Credit card (automatic),36.86,2653.92
Male,Yes,Yes,Yes,35,No,No phone service,No,No internet service,No internet service,No internet service,No internet service,No internet service,No internet service,One year,Yes,Bank transfer (automatic),26.15,915.25
Male,Yes,No,Yes,5,No,No phone service,No,No internet service,No internet service,No internet service,No internet service,No internet service,No internet service,One year,Yes,Electronic check,34.19,170.95
Female,No,Yes,No,58,No,No phone service,No,No internet service,No internet service,No internet service,No internet service,No internet service,No internet service,Two year,No,Mailed check,20.79,1205.82
Female,No,No,Yes,51,No,No phone service,Fiber optic,No,No,Yes,No,No,No,Month-to-month,No,Mailed check,118.07,6021.57
Female,No,No,No,69,Yes,Yes,Fiber optic,Yes,No,Yes,Yes,Yes,No,One year,Yes,Electronic check,74.09,5112.21
Male,Yes,No,Yes,29,No,No phone service,Fiber optic,Yes,No,No,No,No,Yes,Two year,No,Electronic check,98.85,2866.65
Male,No,Yes,Yes,0,Yes,No,DSL,Yes,No,Yes,No,No,Yes,Month-to-month,Yes,Electronic check,62.1,0.0
Male,Yes,No,Yes,26,Yes,Yes,DSL,No,No,Yes,No,No,No,Two year,No,Bank transfer (automatic),35.53,923.78
Female,No,Yes,No,54,No,No phone service,No,No internet service,No internet service,No internet service,No internet service,No internet service,No internet service,Month-to-month,No,Electronic check,28.45,1536.3
Female,No,No,Yes,32,No,No phone service,Fiber optic,Yes,No,No,No,Yes,No,One year,Yes,Credit card (automatic),71.93,2301.76
Female,Yes,Yes,Yes,12,No,No phone service,Fiber optic,No,Yes,No,Yes,No,No,Two year,No,Mailed check,97.63,1171.56
Female,Yes,Yes,Yes,3,No,No phone service,DSL,Yes,No,No,No,Yes,No,Two year,No,Mailed check,64.28,192.84
Female,No,Yes,Yes,37,No,No phone service,Fiber optic,Yes,Yes,Yes,Yes,No,No,One year,Yes,Credit card (automatic),82.45,3050.65
Male,No,Yes,Yes,43,No,No phone service,DSL,No,Yes,Yes,Yes,Yes,Yes,Two year,Yes,Credit card (automatic),72.02,3096.86
Female,No,No,Yes,67,No,No phone service,No,No internet service,No internet service,No internet service,No internet service,No internet service,No internet service,One year,No,Electronic check,27.24,1825.08
Female,No,No,Yes,8,Yes,No,No,No internet service,No internet service,No internet service,No internet service,No internet service,No internet service,One year,Yes,Mailed check,24.08,192.64
Male,Yes,Yes,Yes,23,Yes,No,No,No internet service,No internet service,No internet service,No internet service,No internet service,No internet service,One year,No,Credit card (automatic),34.94,803.62
Male,Yes,No,Yes,71,Yes,Yes,DSL,Yes,No,Yes,No,Yes,No,Month-to-month,Yes,Bank transfer (automatic),38.0,2698.0
Male,No,Yes,No,31,No,No phone service,DSL,Yes,No,No,No,Yes,Yes,Two year,Yes,Mailed check,43.62,1352.22
Male,Yes,Yes,No,65,Yes,Yes,DSL,No,No,Yes,No,No,Yes,Month-to-month,No,Credit card (automatic),72.62,4720.3
Male,Yes,No,No,57,Yes,Yes,Fiber optic,No,Yes,Yes,No,No,Yes,Month-to-month,No,Electronic check,91.64,5223.48
Male,Yes,Yes,No,35,No,No phone service,Fiber optic,No,No,No,No,No,No,One year,Yes,Credit card (automatic),95.57,3344.95
Female,Yes,No,No,68,Yes,No,No,No internet service,No internet service,No internet service,No internet service,No internet service,No internet service,One year,No,Mailed check,22.56,1534.08
Female,No,Yes,Yes,44,No,No phone service,DSL,No,No,No,No,No,Yes,Month-to-month,No,Mailed check,73.42,3230.48
Female,No,Yes,No,66,Yes,Yes,No,No internet service,No internet service,No internet service,No internet service,No internet service,No internet service,One year,Yes,Mailed check,30.29,1999.14
Female,Yes,No,No,31,No,No phone service,Fiber optic,No,No,No,Yes,No,Yes,One year,No,Electronic check,82.63,2561.53
Male,Yes,No,No,58,No,No phone service,No,No internet service,No internet service,No internet service,No internet service,No internet service,No internet service,Month-to-month,No,Electronic check,27.65,1603.7
Female,No,Yes,No,55,No,No phone service,Fiber optic,Yes,Yes,Yes,Yes,No,Yes,Month-to-month,No,Electronic check,72.05,3962.75
Female,Yes,Yes,No,26,Yes,Yes,DSL,Yes,No,No,No,No,Yes,Two year,No,Bank transfer (automatic),46.52,1209.52
Male,Yes,Yes,No,28,Yes,No,DSL,Yes,Yes,Yes,No,No,Yes,One year,Yes,Mailed check,39.78,1113.84
Female,Yes,Yes,Yes,35,Yes,Yes,DSL,No,No,No,No,Yes,Yes,Month-to-month,No,Credit card (automatic),40.02,1400.7
Female,Yes,No,No,2,No,No phone service,DSL,No,No,No,No,Yes,No,One year,No,Mailed check,60.38,120.76
Female,Yes,Yes,No,21,No,No phone service,DSL,Yes,No,No,No,No,Yes,Month-to-month,No,Credit card (automatic),70.75,1485.75
Male,Yes,Yes,No,2,No,No phone service,No,No internet service,No internet service,No internet service,No internet service,No internet service,No internet service,One year,Yes,Credit card (automatic),23.87,47.74
Female,No,No,Yes,55,No,No phone service,Fiber optic,Yes,No,No,No,No,Yes,Two year,Yes,Electronic check,78.43,4313.65
Female,No,Yes,Yes,11,Yes,Yes,No,No internet service,No internet service,No internet service,No internet service,No internet service,No internet service,Month-to-month,No,Electronic check,29.82,328.02
Female,No,Yes,No,18,No,No phone service,Fiber optic,Yes,Yes,No,No,Yes,Yes,Month-to-month,Yes,Mailed check,81.59,1468.62
Female,No,No,Yes,30,Yes,Yes,No,No internet service,No internet service,No internet service,No internet service,No internet service,No internet service,Month-to-month,Yes,Bank transfer (automatic),30.11,903.3
Male,Yes,No,No,22,Yes,Yes,DSL,Yes,No,Yes,No,Yes,Yes,Month-to-month,Yes,Credit card (automatic),54.69,1203.18
Male,Yes,Yes,No,35,No,No phone service,DSL,No,Yes,Yes,Yes,Yes,Yes,One year,Yes,Electronic check,38.35,1342.25
Female,No,No,No,70,No,No phone service,No,No internet service,No internet service,No internet service,No internet service,No internet service,No internet service,Two year,No,Credit card (automatic),25.93,1815.1
Female,No,Yes,No,16,Yes,Yes,DSL,No,No,Yes,No,No,No,Month-to-month,No,Credit card (automatic),49.98,799.68
Male,Yes,Yes,No,18,No,No phone service,No,No internet service,No internet service,No internet service,No internet service,No internet service,No internet service,Two year,Yes,Bank transfer (automatic),31.44,565.92
Female,Yes,Yes,Yes,29,No,No phone service,Fiber optic,No,No,No,No,No,Yes,One year,Yes,Mailed check,93.16,2701.64
Male,Yes,No,No,6,No,No phone service,Fiber optic,No,No,Yes,No,No,No,One year,Yes,Bank transfer (automatic),72.03,432.18
Female,Yes,No,Yes,1,Yes,Yes,No,No internet service,No internet service,No internet service,No internet service,No internet service,No internet service,One year,Yes,Electronic check,30.09,30.09
Male,No,Yes,No,51,No,No phone service,No,No internet service,No internet service,No internet service,No internet service,No internet service,No internet service,Two year,No,Bank transfer (automatic),25.82,1316.82
Female,Yes,Yes,No,62,No,No phone service,No,No internet service,No internet service,No internet service,No internet service,No internet service,No internet service,Two year,Yes,Mailed check,18.61,1153.82
Female,No,No,No,18,Yes,Yes,DSL,No,No,No,Yes,Yes,Yes,Month-to-month,Yes,Credit card (automatic),50.15,902.7
Male,No,Yes,No,70,No,No phone service,DSL,Yes,Yes,Yes,Yes,No,No,Month-to-month,No,Mailed check,74.35,5204.5
Female,Yes,Yes,No,43,No,No phone service,Fiber optic,No,No,No,Yes,No,Yes,Month-to-month,No,Credit card (automatic),81.31,3496.33
Female,No,No,No,51,Yes,No,Fiber optic,Yes,Yes,Yes,Yes,Yes,No,Month-to-month,No,Credit card (automatic),115.26,5878.26
Female,No,No,No,10,Yes,Yes,No,No internet service,No internet service,No internet service,No internet service,No internet service,No internet service,Two year,Yes,Bank transfer (automatic),26.18,261.8
Male,No,No,No,19,No,No phone service,Fiber optic,Yes,No,No,Yes,No,Yes,One year,No,Mailed check,94.33,1792.27
Female,No,Yes,No,31,Yes,No,DSL,No,No,Yes,Yes,Yes,Yes,Month-to-month,Yes,Credit card (automatic),74.81,2319.11
Female,Yes,Yes,Yes,0,No,No phone service,DSL,Yes,Yes,No,No,No,Yes,One year,No,Electronic check,37.02,0.0
Male,Yes,Yes,Yes,24,Yes,No,Fiber optic,Yes,No,No,Yes,No,Yes,Two year,No,Mailed check,73.25,1758.0
Male,No,Yes,No,4,No,No phone service,Fiber optic,Yes,No,No,No,No,No,One year,No,Mailed check,102.67,410.68
Female,No,Yes,Yes,59,Yes,Yes,DSL,Yes,Yes,Yes,Yes,Yes,No,Two year,Yes,Bank transfer (automatic),41.31,2437.29
Female,No,Yes,No,55,No,No phone service,DSL,No,Yes,No,Yes,No,Yes,One year,Yes,Electronic check,54.54,2999.7
Male,No,No,Yes,63,No,No phone service,No,No internet service,No internet service,No internet service,No internet service,No internet service,No internet service,Two year,No,Credit card (automatic),34.43,2169.09
Male,No,No,No,72,Yes,Yes,DSL,No,No,Yes,No,No,Yes,Month-to-month,Yes,Credit card (automatic),37.1,2671.2
Female,Yes,Yes,No,4,Yes,No,No,No internet service,No internet service,No internet service,No internet service,No internet service,No internet service,Two year,No,Bank transfer (automatic),23.83,95.32
Male,Yes,No,Yes,27,Yes,No,No,No internet service,No internet service,No internet service,No internet service,No internet service,No internet service,Two year,No,Credit card (automatic),29.2,788.4
Male,No,Yes,No,70,No,No phone service,No,No internet service,No internet service,No internet service,No internet service,No internet service,No internet service,One year,Yes,Bank transfer (automatic),34.95,2446.5
Female,Yes,No,Yes,60,No,No phone service,Fiber optic,Yes,No,Yes,No,No,No,Month-to-month,Yes,Bank transfer (automatic),114.58,6874.8
Female,No,Yes,Yes,5,Yes,No,DSL,No,Yes,No,Yes,Yes,No,Two year,No,Electronic check,61.76,308.8
Female,Yes,No,Yes,68,No,No phone service,DSL,Yes,No,No,Yes,Yes,Yes,Month-to-month,No,Mailed check,69.25,4709.0
Female,Yes,Yes,Yes,33,Yes,No,No,No internet service,No internet service,No internet service,No internet service,No internet service,No internet service,Month-to-month,No,Mailed check,22.37,738.21
Male,No,Yes,No,39,Yes,Yes,DSL,Yes,Yes,Yes,Yes,No,Yes,One year,No,Electronic check,40.67,1586.13
Female,Yes,No,No,10,No,No phone service,DSL,No,Yes,No,Yes,No,Yes,Two year,Yes,Electronic check,80.55,805.5
Male,Yes,No,Yes,66,Yes,No,No,No internet service,No internet service,No internet service,No internet service,No internet service,No internet service,One year,No,Credit card (automatic),23.97,1582.02
Male,No,Yes,Yes,24,No,No phone service,No,No internet service,No internet service,No internet service,No internet service,No internet service,No internet service,Month-to-month,Yes,Credit card (automatic),30.71,737.04
Female,No,No,No,25,Yes,Yes,Fiber optic,Yes,Yes,No,Yes,No,No,Month-to-month,No,Credit card (automatic),90.78,2269.5
Male,Yes,Yes,Yes,17,No,No phone service,Fiber optic,No,Yes,Yes,No,Yes,No,One year,No,Electronic check,96.85,1646.45
Male,Yes,No,Yes,33,No,No phone service,DSL,No,No,No,Yes,No,Yes,Two year,No,Credit card (automatic),59.91,1977.03
Male,Yes,No,No,23,Yes,Yes,No,No internet service,No internet service,No internet service,No internet service,No internet service,No internet service,Month-to-month,No,Electronic check,28.25,649.75
Male,No,No,No,15,Yes,Yes,No,No internet service,No internet service,No internet service,No internet service,No internet service,No internet service,Month-to-month,Yes,Bank transfer (automatic),31.61,474.15
Female,Yes,No,No,12,No,No phone service,DSL,No,No,Yes,No,No,Yes,Month-to-month,Yes,Electronic check,41.84,502.08
Female,Yes,No,No,51,Yes,No,DSL,Yes,Yes,No,Yes,Yes,Yes,Month-to-month,No,Mailed check,66.54,3393.54
Male,Yes,Yes,No,0,No,No phone service,No,No internet service,No internet service,No internet service,No internet service,No internet service,No internet service,Month-to-month,No,Mailed check,31.51,0.0
Male,No,Yes,No,24,No,No phone service,Fiber optic,Yes,No,No,No,No,Yes,Month-to-month,No,Bank transfer (automatic),100.82,2419.68
Female,Yes,Yes,No,24,No,No phone service,No,No internet service,No internet service,No internet service,No internet service,No internet service,No internet service,Month-to-month,Yes,Mailed check,20.18,484.32
Male,Yes,Yes,Yes,5,Yes,No,DSL,Yes,No,Yes,Yes,Yes,Yes,Month-to-month,No,Electronic check,76.5,382.5
Female,Yes,No,Yes,18,Yes,No,Fiber optic,No,No,No,No,Yes,Yes,One year,Yes,Mailed check,80.34,1446.12
Female,No,No,No,6,No,No phone service,DSL,No,No,Yes,Yes,Yes,No,Month-to-month,No,Electronic check,61.21,367.26
Female,Yes,No,No,22,No,No phone service,DSL,No,Yes,No,No,No,Yes,Two year,No,Credit card (automatic),57.47,1264.34
Female,No,Yes,No,28,No,No phone service,DSL,Yes,Yes,No,No,Yes,Yes,Two year,No,Bank transfer (automatic),40.49,1133.72
Male,No,No,No,2,Yes,Yes,DSL,No,No,Yes,Yes,No,Yes,Month-to-month,No,Credit card (automatic),42.45,84.9
Female,Yes,No,Yes,23,Yes,No,No,No internet service,No internet service,No internet service,No internet service,No internet service,No internet service,One year,No,Mailed check,30.99,712.77
Female,No,Yes,No,60,Yes,Yes,Fiber optic,Yes,No,No,No,Yes,No,One year,Yes,Electronic check,94.66,5679.6
Male,Yes,Yes,No,5,Yes,No,Fiber optic,Yes,Yes,No,Yes,Yes,Yes,Month-to-month,Yes,Bank transfer (automatic),80.92,404.6
Male,No,Yes,No,57,Yes,Yes,Fiber optic,Yes,Yes,Yes,No,Yes,Yes,One year,Yes,Electronic check,93.8,5346.6
Female,Yes,No,No,12,Yes,Yes,No,No internet service,No internet service,No internet service,No internet service,No internet service,No internet service,One year,No,Bank transfer (automatic),22.72,272.64
Female,Yes,Yes,Yes,2,No,No phone service,DSL,Yes,Yes,Yes,Yes,Yes,Yes,Month-to-month,Yes,Bank transfer (automatic),76.36,152.72
Female,Yes,No,Yes,17,Yes,Yes,No,No internet service,No internet service,No internet service,No internet service,No internet service,No internet service,Month-to-month,No,Bank transfer (automatic),33.51,569.67
Female,Yes,Yes,Yes,60,No,No phone service,DSL,Yes,No,Yes,Yes,No,Yes,Month-to-month,Yes,Electronic check,39.24,2354.4
Male,No,Yes,No,29,Yes,No,No,No internet service,No internet service,No internet service,No internet service,No internet service,No internet service,Two year,No,Credit card (automatic),26.84,778.36
Male,Yes,No,No,22,No,No phone service,Fiber optic,No,No,Yes,Yes,Yes,No,Two year,No,Electronic check,84.78,1865.16
